Reading No,Reading Type,Duration,Main,Low,High,Light,Time,User,Sigma Value,Units,Batch,Heat,Lot,Note,Sample,Mode,Ag,Ag 2-Sigma,As,As 2-Sigma,Au,Au 2-Sigma,Ba,Ba 2-Sigma,Bal,Bal 2-Sigma,Bi,Bi 2-Sigma,Ca,Ca 2-Sigma,Cd,Cd 2-Sigma,Co,Co 2-Sigma,Cr,Cr 2-Sigma,Cu,Cu 2-Sigma,Fe,Fe 2-Sigma,Hf,Hf 2-Sigma,Hg,Hg 2-Sigma,K,K 2-Sigma,Mn,Mn 2-Sigma,Mo,Mo 2-Sigma,Nb,Nb 2-Sigma,Ni,Ni 2-Sigma,Pb,Pb 2-Sigma,Pd,Pd 2-Sigma,Rb,Rb 2-Sigma,Re,Re 2-Sigma,Sb,Sb 2-Sigma,Se,Se 2-Sigma,Sn,Sn 2-Sigma,Sr,Sr 2-Sigma,Ta,Ta 2-Sigma,Th,Th 2-Sigma,Ti,Ti 2-Sigma,U,U 2-Sigma,V,V 2-Sigma,W,W 2-Sigma,Y,Y 2-Sigma,Zn,Zn 2-Sigma,Zr,Zr 2-Sigma,
3007,Mining,150.81,26.27,59.75,59.90,,"Thu Feb 29, 2024 - 09:24:19",User,1.5,ppm,,,,,180-647,Mining,<LOD,0.9957,<LOD,1.5532,<LOD,3.1473,135.2352 , 72.4376,999440.4375 , 29.4137,<LOD,1.2458,6.5575 , 4.2607,<LOD,1.5948,<LOD,8.8291,23.4069 , 1.8901,<LOD,3.2741,280.2188 , 15.1835,<LOD,0.0000,<LOD,1.7149,101.2311 , 11.4596,<LOD,20.4676,<LOD,0.9704,<LOD,0.7786,<LOD,4.9892,<LOD,1.0832,<LOD,0.8926,<LOD,0.6329,<LOD,0.0000,<LOD,2.9707,<LOD,0.8191,5.8207 , 1.5526,<LOD,0.2870,<LOD,0.0000,<LOD,1.3892,7.0390 , 3.7666,<LOD,1.1639,<LOD,1.6513,<LOD,0.0000,<LOD,0.5461,<LOD,1.8736,<LOD,0.6412,
3008,Mining,151.48,26.59,59.94,59.04,,"Thu Feb 29, 2024 - 09:27:33",User,1.5,ppm,,,,,180-647,Mining,<LOD,1.0099,<LOD,1.1718,<LOD,3.1505,140.2843 , 75.1418,999655.6875 , 28.0023,<LOD,1.2625,<LOD,7.2535,<LOD,1.5907,<LOD,8.5717,17.6481 , 1.8369,<LOD,3.6032,145.0907 , 12.8709,<LOD,0.0000,<LOD,1.7706,21.5268 , 10.1427,<LOD,21.2415,<LOD,0.9799,<LOD,0.7941,<LOD,5.1806,4.6505 , 0.8257,<LOD,0.9054,<LOD,0.6344,<LOD,0.0000,<LOD,2.9845,<LOD,0.8406,6.3967 , 1.5658,<LOD,0.2858,<LOD,0.0000,<LOD,1.1802,8.7115 , 3.6540,<LOD,1.1805,<LOD,1.6471,<LOD,0.0000,<LOD,0.5574,<LOD,1.9423,<LOD,0.6534,
3009,Mining,19.55,19.47,,,,"Thu Feb 29, 2024 - 09:29:03",User,1.5,ppm,,,,,180-647,Mining,<LOD,6.9220,<LOD,4.8698,<LOD,3.7564,,,999622.1250 , 114.6334,<LOD,1.7311,,,<LOD,8.2573,<LOD,8.2610,<LOD,38.6506,<LOD,3.4799,81.0263 , 12.2957,<LOD,0.0000,<LOD,1.8613,,,<LOD,22.0357,<LOD,1.0499,<LOD,0.8524,<LOD,5.1563,296.8295 , 3.6196,<LOD,7.0801,<LOD,0.7005,<LOD,0.0000,<LOD,14.2237,<LOD,0.9655,<LOD,9.2410,<LOD,0.3125,<LOD,0.0000,<LOD,2.1190,<LOD,145.3352,<LOD,1.2553,<LOD,73.6130,<LOD,0.0000,<LOD,0.7780,<LOD,2.1074,<LOD,0.7022,
3010,Mining,19.44,18.86,,,,"Thu Feb 29, 2024 - 09:30:52",User,1.5,ppm,,,,,180-706,Mining,7.8416 , 6.6330,47.8530 , 8.0014,<LOD,6.5915,,,977043.6875 , 307.7167,<LOD,4.3265,,,<LOD,11.6416,<LOD,55.8704,<LOD,76.2003,255.3070 , 8.6308,16921.9062 , 115.4526,<LOD,0.0000,<LOD,5.5490,,,1006.4400 , 46.6048,11.3509 , 1.3017,26.1072 , 1.1086,45.8570 , 7.4170,985.5233 , 8.0483,28.4438 , 6.8752,165.8629 , 2.6681,<LOD,0.0000,<LOD,32.6717,<LOD,1.8192,<LOD,13.1612,149.9967 , 1.2719,<LOD,0.0000,8.7200 , 2.9665,1780.3531 , 182.0991,3.7613 , 1.8305,288.6133 , 83.8818,<LOD,14.2046,34.2188 , 1.6006,910.6807 , 11.9841,277.4525 , 2.4953,
3011,Mining,19.67,19.55,,,,"Thu Feb 29, 2024 - 09:31:30",User,1.5,ppm,,,,,180-706,Mining,6.8713 , 6.4005,52.3141 , 7.7620,<LOD,6.8379,,,977309.5000 , 296.7096,<LOD,3.4229,,,<LOD,13.7956,<LOD,53.1290,<LOD,77.0755,261.3878 , 8.4445,16648.4961 , 111.0683,<LOD,0.0000,<LOD,6.1349,,,963.8794 , 44.4270,13.6700 , 1.2655,26.6608 , 1.0794,50.1720 , 7.1489,982.1403 , 7.7834,22.9428 , 6.6217,166.0569 , 2.5872,<LOD,0.0000,13.5667 , 13.3000,<LOD,1.8156,<LOD,12.6868,152.6659 , 1.2422,<LOD,0.0000,11.1007 , 2.8743,1867.8212 , 178.3899,3.6892 , 1.7805,226.8132 , 79.7694,<LOD,13.4968,35.6503 , 1.5575,919.8491 , 11.6664,264.7789 , 2.3731,
3012,Mining,19.49,19.59,,,,"Thu Feb 29, 2024 - 09:32:13",User,1.5,ppm,,,,,180-706,Mining,7.6329 , 6.5597,45.6167 , 8.0224,<LOD,7.1668,,,977195.1250 , 302.3955,<LOD,3.5261,,,<LOD,11.5158,<LOD,54.7308,63.6973 , 39.7563,260.0267 , 8.6435,16653.7852 , 113.9719,<LOD,0.0000,<LOD,4.9325,,,947.9152 , 45.3964,14.1418 , 1.3011,26.7031 , 1.1050,52.0895 , 7.4329,1008.8500 , 8.0852,18.7050 , 6.7704,165.9068 , 2.6529,<LOD,0.0000,13.9052 , 13.6255,<LOD,1.9431,<LOD,13.0084,153.5724 , 1.2775,<LOD,0.0000,6.6928 , 2.9138,1769.4001 , 180.7912,3.7298 , 1.8247,365.3110 , 85.6324,<LOD,15.9457,33.7828 , 1.5925,928.4761 , 12.0179,264.9408 , 2.4330,
3013,Mining,20.55,19.84,,,,"Thu Feb 29, 2024 - 09:33:23",User,1.5,ppm,,,,,180-661,Mining,235.9641 , 207.4331,336.4601 , 8.0462,60.0128 , 10.3988,,,977014.5625 , 316.2278,<LOD,3.8953,,,465.1348 , 185.9890,<LOD,53.2650,357.3060 , 47.5847,6.1774 , 3.7908,16494.1172 , 110.9239,<LOD,0.0000,<LOD,3.3478,,,97.3269 , 26.2730,<LOD,1.7862,11.8513 , 0.9171,11.3621 , 6.1793,602.4189 , 6.7963,22.2368 , 6.6551,65.1687 , 1.7327,<LOD,0.0000,<LOD,19.8654,415.3037 , 5.3834,<LOD,12.9556,80.7037 , 0.9237,<LOD,0.0000,4.0881 , 2.5583,3154.3538 , 203.4878,<LOD,2.8636,187.1689 , 83.4319,<LOD,9.1496,22.7120 , 1.2341,42.3130 , 3.2616,313.2712 , 2.4853,
3014,Mining,20.32,19.92,,,,"Thu Feb 29, 2024 - 09:33:59",User,1.5,ppm,,,,,180-661,Mining,193.1306 , 169.7980,301.9280 , 7.2998,56.4252 , 9.5254,,,978985.6250 , 285.6378,<LOD,4.4497,,,406.1939 , 162.4394,<LOD,49.6761,447.4821 , 47.7038,15.1705 , 3.8233,15524.8604 , 103.7612,<LOD,0.0000,<LOD,3.1847,,,48.9707 , 23.9975,<LOD,1.6673,10.8063 , 0.8555,<LOD,12.1104,539.7031 , 6.1652,17.3004 , 6.3156,58.7119 , 1.5702,<LOD,0.0000,<LOD,18.6893,375.1694 , 4.9046,<LOD,12.2163,71.1000 , 0.8335,<LOD,0.0000,<LOD,4.6615,2457.4319 , 183.0224,<LOD,2.0404,136.4571 , 76.5816,<LOD,8.2011,17.7908 , 1.1112,45.9046 , 3.1806,289.8498 , 2.2824,
3015,Mining,19.96,19.93,,,,"Thu Feb 29, 2024 - 09:35:01",User,1.5,ppm,,,,,180-649,Mining,<LOD,9.5215,7.9010 , 3.7597,<LOD,5.3131,,,972474.0625 , 335.1934,<LOD,2.4523,,,<LOD,11.1907,<LOD,60.2767,51.4277 , 37.2361,61.7291 , 5.1533,21797.6562 , 122.8193,<LOD,0.0000,<LOD,2.7479,,,630.3936 , 37.9735,<LOD,2.8071,61.5671 , 1.3271,15.4837 , 6.5426,220.3971 , 3.8627,17.1485 , 6.5941,125.2568 , 2.2708,<LOD,0.0000,<LOD,19.6650,<LOD,1.4586,<LOD,12.7934,147.8924 , 1.2167,<LOD,0.0000,18.8333 , 2.1473,3334.9321 , 202.0146,4.4897 , 1.7296,177.1205 , 81.3431,<LOD,0.0000,57.0532 , 1.4551,231.3782 , 6.1084,565.2595 , 3.2784,
3016,Mining,21.08,,,,,"Thu Feb 29, 2024 - 09:35:37",User,1.5,ppm,,,,,180-649,Mining,<LOD,9.4804,12.0584 , 3.8930,5.1736 , 3.7131,,,971817.3125 , 336.7117,<LOD,2.3014,,,<LOD,11.1301,<LOD,82.5083,57.5388 , 37.3064,61.3909 , 5.1104,22367.1953 , 123.3355,<LOD,0.0000,<LOD,3.2676,,,670.5667 , 38.5259,4.2112 , 1.4210,66.0887 , 1.3458,10.8150 , 6.5012,236.2723 , 3.9621,13.5730 , 6.5454,132.7703 , 2.3170,<LOD,0.0000,<LOD,19.5855,<LOD,1.4550,<LOD,12.6920,160.0450 , 1.2557,<LOD,0.0000,22.9565 , 2.1670,3252.0110 , 198.8681,3.8263 , 1.7367,213.5108 , 81.4243,<LOD,0.0000,54.8523 , 1.4495,242.6169 , 6.2037,595.2086 , 3.3446,
3017,Mining,20.04,19.66,,,,"Thu Feb 29, 2024 - 09:36:10",User,1.5,ppm,,,,,180-649,Mining,<LOD,8.5969,5.5720 , 3.0302,<LOD,4.3702,,,979866.6875 , 284.2853,<LOD,1.9510,,,<LOD,10.2747,<LOD,49.5085,<LOD,50.7267,39.1550 , 4.2969,16436.6035 , 104.6034,<LOD,0.0000,<LOD,2.2811,,,444.9738 , 31.8925,<LOD,2.4933,40.1676 , 1.0818,17.7249 , 5.7430,158.8593 , 3.1068,<LOD,10.4211,82.0439 , 1.7495,<LOD,0.0000,<LOD,17.7953,<LOD,1.2252,<LOD,11.4977,95.5147 , 0.9289,<LOD,0.0000,13.1733 , 1.7028,2196.4719 , 174.0005,2.1282 , 1.4174,<LOD,168.5733,<LOD,0.0000,35.6361 , 1.1381,180.2141 , 5.1262,385.0627 , 2.5537,
3018,Mining,20.10,19.93,,,,"Thu Feb 29, 2024 - 09:38:23",User,1.5,ppm,,,,,LMW12,Mining,<LOD,9.4063,771.1786 , 13.0916,<LOD,8.8013,,,964270.6875 , 361.0768,24.8683 , 3.7245,,,<LOD,11.1166,<LOD,68.0016,<LOD,52.2985,86.5089 , 5.6950,30253.0664 , 139.4582,<LOD,0.0000,5.8288 , 2.7818,,,<LOD,47.1285,<LOD,1.5397,5.4240 , 0.8694,19.8525 , 6.4612,1921.7056 , 10.9205,<LOD,9.5655,87.6262 , 1.9937,<LOD,0.0000,48.6404 , 39.5790,<LOD,2.6181,<LOD,12.8637,65.3723 , 0.8749,<LOD,0.0000,<LOD,6.2850,2225.9868 , 177.4717,<LOD,2.4694,<LOD,159.1611,<LOD,9.1843,9.2161 , 1.5544,111.7190 , 4.5878,92.2969 , 1.5834,
3019,Mining,19.69,19.62,,,,"Thu Feb 29, 2024 - 09:38:52",User,1.5,ppm,,,,,LMW12,Mining,<LOD,8.6642,668.5620 , 11.8337,<LOD,8.0230,,,971035.0000 , 298.3497,20.1287 , 3.3420,,,<LOD,10.2398,<LOD,58.3918,<LOD,48.7037,84.2302 , 5.3095,24201.6465 , 122.4984,<LOD,0.0000,9.9359 , 2.6462,,,26.7682 , 20.7157,<LOD,1.4156,5.0962 , 0.8007,17.8403 , 5.8068,1802.0731 , 9.9902,<LOD,8.7917,59.2969 , 1.5947,<LOD,0.0000,<LOD,18.3882,<LOD,2.1285,<LOD,11.7702,54.5365 , 0.7634,<LOD,0.0000,<LOD,5.6202,1843.2507 , 164.1483,<LOD,2.0750,<LOD,100.5607,<LOD,8.2410,4.0153 , 1.3663,102.6886 , 4.1875,64.9002 , 1.3122,
3020,Mining,19.19,19.04,,,,"Thu Feb 29, 2024 - 09:39:19",User,1.5,ppm,,,,,LMW12,Mining,<LOD,9.0395,763.0260 , 12.8221,<LOD,8.3484,,,967692.5625 , 331.9644,23.4594 , 3.6242,,,<LOD,10.6885,<LOD,63.3755,<LOD,52.4342,99.2603 , 5.8076,27288.1699 , 132.8941,<LOD,0.0000,10.0172 , 2.7884,,,<LOD,44.0427,<LOD,1.4635,5.0204 , 0.8414,19.2393 , 5.9932,1910.8979 , 10.7039,<LOD,9.1362,63.4317 , 1.7166,<LOD,0.0000,<LOD,19.2512,<LOD,2.8866,<LOD,12.2733,62.5547 , 0.8426,<LOD,0.0000,<LOD,6.1218,1892.2289 , 169.4375,<LOD,2.2418,<LOD,142.5438,<LOD,8.5061,5.6488 , 1.4689,94.6691 , 4.2288,69.8182 , 1.4167,
3021,Mining,20.14,19.60,,,,"Thu Feb 29, 2024 - 09:40:36",User,1.5,ppm,,,,,MM33,Mining,<LOD,9.6104,557.4318 , 20.4985,<LOD,13.4737,,,960705.0625 , 330.3805,39.2411 , 5.4528,,,<LOD,11.3007,<LOD,67.6142,<LOD,46.5732,128.8781 , 6.4176,30826.6602 , 138.2327,<LOD,0.0000,17.4565 , 3.7093,,,36.8673 , 21.7194,<LOD,1.5363,3.0702 , 0.8763,12.0867 , 6.1983,6994.0977 , 19.9094,<LOD,9.7367,9.9551 , 1.2855,<LOD,0.0000,<LOD,20.4179,<LOD,4.1627,34.9592 , 8.8954,10.5344 , 0.5845,<LOD,0.0000,<LOD,10.1580,360.8045 , 131.3739,4.2842 , 1.7608,<LOD,95.9261,<LOD,11.1545,<LOD,3.5940,217.1028 , 5.9924,41.5534 , 1.3751,
3022,Mining,20.02,19.31,,,,"Thu Feb 29, 2024 - 09:41:11",User,1.5,ppm,,,,,MM33,Mining,<LOD,9.7071,554.0477 , 19.7872,<LOD,12.8261,,,962376.8750 , 331.5492,42.2518 , 5.3628,,,<LOD,11.4183,<LOD,68.3326,<LOD,49.4295,133.0256 , 6.6563,30193.8691 , 141.7028,<LOD,0.0000,24.3662 , 3.7773,,,30.9087 , 22.2702,<LOD,1.6985,2.1024 , 0.8685,17.6264 , 6.2626,6033.7051 , 19.1647,<LOD,9.8353,12.8927 , 1.2735,<LOD,0.0000,<LOD,20.7351,<LOD,4.8242,<LOD,13.4546,13.6820 , 0.6092,<LOD,0.0000,<LOD,9.8606,305.1669 , 134.5087,<LOD,2.4518,<LOD,94.5551,<LOD,9.8448,<LOD,3.4837,212.6365 , 6.1038,46.8887 , 1.4163,
3023,Mining,20.01,19.15,,,,"Thu Feb 29, 2024 - 09:41:42",User,1.5,ppm,,,,,MM33,Mining,<LOD,9.5283,501.7963 , 20.5764,<LOD,13.2294,,,961360.5625 , 326.9582,37.8217 , 5.4726,,,<LOD,11.2295,<LOD,68.2091,<LOD,47.2609,115.9267 , 6.3016,30554.7832 , 140.6832,<LOD,0.0000,24.8636 , 3.8514,,,<LOD,34.3774,<LOD,1.5105,3.5147 , 0.8694,19.9391 , 6.3473,6832.6406 , 20.0889,<LOD,9.5844,10.8052 , 1.2618,<LOD,0.0000,<LOD,20.1566,<LOD,3.5353,<LOD,13.1637,12.1390 , 0.6057,<LOD,0.0000,<LOD,10.1695,291.0767 , 131.2399,<LOD,2.4862,<LOD,89.7915,<LOD,10.1102,<LOD,3.6118,197.9222 , 5.8623,36.2505 , 1.3514,
3024,Mining,20.25,19.74,,,,"Thu Feb 29, 2024 - 09:42:59",User,1.5,ppm,,,,,LMW11,Mining,205.2175 , 180.3674,1273.9716 , 57.7942,<LOD,38.2924,,,665151.6250 , 3180.1113,53.6210 , 14.7382,,,<LOD,32.2092,<LOD,252.5346,<LOD,87.8409,499.0847 , 20.3509,311252.2188 , 397.9458,<LOD,0.0000,<LOD,16.8610,,,<LOD,100.9887,10.4573 , 2.1403,11.0548 , 1.9465,101.3784 , 36.5643,17905.5801 , 57.8644,51.6305 , 13.5143,7.9473 , 2.8523,<LOD,0.0000,396.1377 , 322.0613,<LOD,10.7137,810.5322 , 20.0947,10.1286 , 1.4063,<LOD,0.0000,<LOD,27.6070,1422.5012 , 142.1352,<LOD,5.1108,<LOD,145.4828,35.0485 , 19.6237,<LOD,10.7021,761.9069 , 19.2327,39.9996 , 3.0661,
3025,Mining,20.12,19.29,,,,"Thu Feb 29, 2024 - 09:43:29",User,1.5,ppm,,,,,LMW11,Mining,155.8375 , 136.9962,1194.5461 , 52.0146,<LOD,34.2823,,,692777.1875 , 2742.3489,52.1564 , 13.2980,,,<LOD,26.6925,<LOD,232.4236,<LOD,84.7424,425.5903 , 17.8069,285697.3750 , 368.5445,<LOD,0.0000,21.2252 , 8.7378,,,100.3286 , 41.3701,7.2041 , 1.9541,10.7686 , 1.7687,98.3635 , 31.8529,16441.4355 , 51.9891,56.2433 , 12.6938,6.4614 , 2.6122,<LOD,0.0000,308.4509 , 250.8252,<LOD,8.9871,618.3250 , 18.2869,13.5215 , 1.3192,<LOD,0.0000,<LOD,24.7087,1321.2777 , 136.2987,<LOD,5.0174,<LOD,135.7491,<LOD,36.7991,<LOD,9.5067,655.6915 , 16.8075,38.0053 , 2.7648,
3026,Mining,20.24,19.62,,,,"Thu Feb 29, 2024 - 09:44:06",User,1.5,ppm,,,,,LMW11,Mining,195.1553 , 171.5311,1138.4150 , 57.5336,<LOD,37.2514,,,672453.6250 , 3052.6907,31.1295 , 14.3826,,,<LOD,24.8701,<LOD,248.7789,<LOD,88.4002,515.2861 , 20.2830,303419.0000 , 388.4508,<LOD,0.0000,<LOD,13.3216,,,102.5763 , 43.6262,8.4557 , 2.1391,11.4916 , 1.9528,66.4285 , 35.0728,18380.5762 , 57.8761,63.5892 , 13.6572,19.4527 , 3.1039,<LOD,0.0000,378.3598 , 307.6211,<LOD,9.6147,779.6783 , 20.0549,11.1832 , 1.4152,<LOD,0.0000,<LOD,27.8557,1365.4965 , 141.2189,<LOD,5.2566,<LOD,143.7943,<LOD,35.4875,<LOD,10.6825,1005.7789 , 21.5320,54.3048 , 3.2785,
3027,Mining,20.37,19.84,,,,"Thu Feb 29, 2024 - 09:45:17",User,1.5,ppm,,,,,LMW14,Mining,302.7561 , 266.1996,23994.2266 , 87.2407,<LOD,50.8078,,,705466.6250 , 2935.6289,322.4203 , 23.6616,,,64.1482 , 25.6552,<LOD,251.1966,<LOD,96.1641,667.3212 , 23.1002,245782.2188 , 406.4782,<LOD,0.0000,129.6314 , 16.6530,,,<LOD,72.6680,21.8227 , 2.5969,6.2209 , 2.2094,115.0888 , 30.9384,12930.8936 , 52.4716,19.6380 , 13.5249,<LOD,4.9200,<LOD,0.0000,1543.4609 , 36.9844,186.1841 , 10.2217,1723.7316 , 23.1494,9.1841 , 1.3831,<LOD,0.0000,<LOD,35.7178,2050.9648 , 177.3068,13.1436 , 5.2810,<LOD,239.1455,<LOD,56.0060,45.4994 , 6.4726,4541.9585 , 44.7143,62.8549 , 3.9532,
3028,Mining,19.85,19.76,,,,"Thu Feb 29, 2024 - 09:45:46",User,1.5,ppm,,,,,LMW14,Mining,373.5186 , 328.3658,27393.6328 , 92.0343,<LOD,53.9115,,,686500.5000 , 3236.9294,405.2899 , 25.3909,,,120.6518 , 48.2454,<LOD,259.0641,<LOD,99.5657,815.9611 , 25.5899,260500.5312 , 418.2535,<LOD,0.0000,155.6994 , 17.9972,,,58.5524 , 44.4352,25.0167 , 2.6982,8.5217 , 2.2783,133.8989 , 32.9983,11723.1250 , 51.2481,75.6376 , 14.4273,<LOD,5.0645,<LOD,0.0000,1784.8159 , 39.5307,198.7627 , 10.7272,2032.1106 , 24.7582,12.0339 , 1.4276,<LOD,0.0000,<LOD,36.9595,2130.9167 , 177.6971,8.3773 , 5.4003,<LOD,232.7541,<LOD,68.2952,55.8217 , 6.3656,5421.4429 , 49.4465,65.1902 , 4.0222,
3029,Mining,19.76,19.28,,,,"Thu Feb 29, 2024 - 09:46:17",User,1.5,ppm,,,,,LMW14,Mining,350.9975 , 308.5837,24178.2148 , 94.4524,<LOD,56.3834,,,687382.7500 , 3396.4136,305.5033 , 25.4374,,,98.2988 , 39.3091,<LOD,275.0032,<LOD,105.0783,782.5346 , 26.7594,263257.9062 , 440.6006,<LOD,0.0000,180.8385 , 18.8846,,,<LOD,75.1135,23.0252 , 2.8065,4.1351 , 2.3614,150.8228 , 35.4745,12650.3799 , 56.1664,54.2240 , 15.0508,<LOD,6.3453,<LOD,0.0000,1661.6134 , 40.9856,204.6568 , 11.3528,1841.2738 , 25.5949,10.2239 , 1.5187,<LOD,0.0000,<LOD,38.3186,2311.4390 , 191.8880,8.3730 , 5.8261,<LOD,169.3488,<LOD,59.0515,49.8112 , 6.9529,4440.4893 , 47.8779,52.4889 , 4.1615,
3030,Mining,19.68,19.64,,,,"Thu Feb 29, 2024 - 09:47:08",User,1.5,ppm,,,,,LMW15,Mining,3295.2937 , 1172.2684,104471.6953 , 2918.3889,<LOD,3312.3424,,,<LOD,0.0000,1476.3663 , 802.0202,,,3903.2249 , 1367.7762,<LOD,4265.9659,<LOD,3216.7628,2206.1785 , 726.1796,487491.2500 , 4692.3594,<LOD,0.0000,3481.8496 , 735.4676,,,<LOD,3249.4116,<LOD,286.0853,<LOD,271.0329,2009.0227 , 961.5592,333088.4062 , 4331.5610,2698.1221 , 1191.5458,<LOD,350.0254,<LOD,0.0000,19062.5625 , 2595.6804,663.7665 , 379.6333,25038.8027 , 1677.7646,<LOD,185.8420,<LOD,0.0000,<LOD,1629.4219,7679.2812 , 3799.2998,<LOD,581.4466,<LOD,6790.7754,3434.1960 , 1236.3153,<LOD,666.4385,<LOD,919.1926,<LOD,340.2636,
3031,Mining,20.82,19.97,,,,"Thu Feb 29, 2024 - 09:47:40",User,1.5,ppm,,,,,LMW15,Mining,<LOD,845.9954,<LOD,50806.3184,<LOD,328.9756,,,691176.7500 , 603837.3125,<LOD,577.2064,,,<LOD,198.0262,<LOD,411.1485,<LOD,787.4664,<LOD,530.4359,<LOD,720912.6562,<LOD,0.0000,<LOD,447.5508,,,<LOD,404.7620,<LOD,18.4018,<LOD,85.7847,<LOD,368.9513,<LOD,87554.1562,<LOD,68.0465,<LOD,8.6117,<LOD,0.0000,<LOD,3054.7687,<LOD,99.0068,1359.5737 , 1213.6354,<LOD,3.6174,<LOD,0.0000,<LOD,61.7486,<LOD,14833.0415,<LOD,3.5324,<LOD,504.6837,<LOD,157.5886,<LOD,6.4251,<LOD,223.5825,<LOD,7.9056,
3032,Mining,20.24,19.57,,,,"Thu Feb 29, 2024 - 09:48:18",User,1.5,ppm,,,,,LMW15,Mining,<LOD,801.0701,<LOD,45183.6621,<LOD,75.8365,,,716057.7500 , 571150.8125,<LOD,937.3672,,,<LOD,82.0000,<LOD,366.8577,<LOD,37.8585,<LOD,511.1263,<LOD,677307.0000,<LOD,0.0000,<LOD,561.9612,,,<LOD,559.7263,<LOD,21.5178,<LOD,83.6899,<LOD,335.5843,<LOD,89581.4062,<LOD,16.4156,<LOD,7.7866,<LOD,0.0000,<LOD,2971.9363,<LOD,144.4242,1161.1218 , 1107.7512,<LOD,3.1354,<LOD,0.0000,<LOD,55.7375,<LOD,14542.1118,<LOD,2.7714,<LOD,1056.9851,<LOD,105.1562,<LOD,4.8956,<LOD,224.8584,<LOD,7.0872,
3033,Mining,19.38,19.18,,,,"Thu Feb 29, 2024 - 09:49:10",User,1.5,ppm,,,,,LMW15,Mining,<LOD,754.4113,<LOD,67128.3223,<LOD,78.3849,,,669154.6875 , 605320.1250,<LOD,901.2451,,,109.8184 , 106.0147,<LOD,377.9337,<LOD,53.2098,<LOD,486.8544,<LOD,726510.9375,<LOD,0.0000,<LOD,312.9458,,,<LOD,589.5373,<LOD,20.0345,<LOD,55.6785,<LOD,137.2584,48165.1133 , 45984.0234,<LOD,27.4311,<LOD,7.8678,<LOD,0.0000,<LOD,3002.7924,<LOD,154.8100,1414.8995 , 1094.6108,<LOD,3.1796,<LOD,0.0000,<LOD,58.2498,<LOD,15060.8569,<LOD,4.1157,<LOD,464.1863,<LOD,108.4130,<LOD,7.5481,<LOD,255.9172,<LOD,7.6225,
3034,Mining,19.23,18.97,,,,"Thu Feb 29, 2024 - 09:50:01",User,1.5,ppm,,,,,LMW15,Mining,541.4324 , 475.7982,39960.7891 , 195.7003,344.8559 , 88.4260,,,631910.0000 , 5556.2896,1010.2877 , 56.0522,,,268.2654 , 107.2308,<LOD,341.3450,121.3275 , 73.7269,402.4260 , 24.3023,198615.0625 , 546.2645,<LOD,0.0000,235.3333 , 32.6529,,,143.3351 , 61.7266,24.5854 , 4.3945,60.9415 , 5.3142,128.2106 , 33.7607,116306.6641 , 198.7155,<LOD,47.4402,<LOD,16.2753,<LOD,0.0000,2475.5676 , 62.8538,106.5990 , 22.8794,3258.6958 , 40.9153,<LOD,6.7001,<LOD,0.0000,<LOD,107.7852,3670.9988 , 300.3449,<LOD,20.8314,239.7020 , 128.3161,<LOD,69.4198,<LOD,39.4348,174.9212 , 16.0660,<LOD,16.4534,
3035,Mining,18.93,18.76,,,,"Thu Feb 29, 2024 - 09:50:45",User,1.5,ppm,,,,,LMW15,Mining,480.0699 , 421.9417,25273.6445 , 165.3490,<LOD,111.9836,,,697508.0625 , 3939.0947,658.8738 , 46.0020,,,188.6896 , 75.4349,<LOD,300.6034,<LOD,224.9438,270.2469 , 20.0774,169315.6094 , 501.5692,<LOD,0.0000,249.8265 , 27.7578,,,96.4331 , 55.9417,18.3960 , 3.6505,67.6206 , 4.3303,118.3777 , 29.6047,97274.2188 , 171.1236,53.7178 , 19.1282,<LOD,13.4471,<LOD,0.0000,1798.2402 , 52.9066,111.4611 , 19.2063,3133.5168 , 36.7209,<LOD,5.6136,<LOD,0.0000,<LOD,88.8631,2954.4863 , 277.3178,<LOD,16.9578,220.1104 , 120.9451,59.3875 , 25.4168,<LOD,33.0070,149.0385 , 13.9581,<LOD,13.4582,
3036,Mining,20.34,19.87,,,,"Thu Feb 29, 2024 - 09:51:50",User,1.5,ppm,,,,,LMW18,Mining,282.1995 , 248.1453,4383.1201 , 97.9916,<LOD,67.0668,,,826183.5000 , 1658.1978,370.7376 , 26.8655,,,<LOD,22.8792,<LOD,177.8810,<LOD,97.2435,165.3927 , 12.5679,87849.7734 , 314.1190,<LOD,0.0000,197.5466 , 16.3108,,,117.1194 , 41.5419,11.7006 , 2.5430,85.1883 , 2.9268,71.4366 , 16.9005,70725.9453 , 101.0655,<LOD,19.4718,16.8478 , 5.7691,<LOD,0.0000,926.5301 , 33.6511,27.0597 , 11.5520,2235.6572 , 24.0206,<LOD,4.1272,<LOD,0.0000,<LOD,53.1537,5740.2852 , 303.4584,<LOD,10.7686,176.3401 , 112.6289,28.5090 , 16.4015,<LOD,20.5745,360.9153 , 12.8018,44.2376 , 6.0497,
3037,Mining,19.82,19.69,,,,"Thu Feb 29, 2024 - 09:52:19",User,1.5,ppm,,,,,LMW18,Mining,272.6564 , 239.7575,28348.5820 , 79.9917,1096.4009 , 47.1816,,,853533.6875 , 1677.9741,1125.3107 , 28.3491,,,<LOD,22.2744,<LOD,184.4982,<LOD,134.1734,<LOD,0.0000,89217.7891 , 330.3563,4441.3608 , 129.8719,1429.8192 , 127.6778,,,211.3602 , 45.1795,53.2574 , 2.9737,<LOD,4.6676,125.8141 , 18.7781,<LOD,0.0000,<LOD,21.7226,159.0085 , 8.2125,<LOD,386.9535,906.2840 , 32.0922,129.2744 , 12.2316,1869.2537 , 22.5848,134.8558 , 3.1476,2957.2383 , 77.7286,3311.4978 , 38.7628,8198.4746 , 353.6528,<LOD,27.8040,289.6091 , 126.2460,<LOD,35.9285,2188.4312 , 12.6806,<LOD,0.0000,<LOD,9.3869,
3038,Mining,19.58,18.92,,,,"Thu Feb 29, 2024 - 09:52:48",User,1.5,ppm,,,,,LMW18,Mining,345.0115 , 303.3463,5085.8672 , 108.1829,<LOD,74.9279,,,809463.1875 , 2065.9377,432.6405 , 29.9736,,,<LOD,26.0074,<LOD,205.0266,88.6073 , 60.7256,215.5805 , 14.8598,101536.0547 , 356.9836,<LOD,0.0000,296.7184 , 19.2869,,,124.3588 , 46.5012,12.9616 , 2.8545,81.4959 , 3.2638,33.0020 , 18.7620,71518.2812 , 111.1917,39.1657 , 15.0074,30.6338 , 6.5268,<LOD,0.0000,1090.9830 , 38.4805,42.7875 , 12.9134,2671.6807 , 27.7553,9.8354 , 2.8260,<LOD,0.0000,<LOD,58.7804,6149.3140 , 329.9199,<LOD,12.2014,141.7261 , 120.2514,<LOD,49.4451,<LOD,22.7706,508.8711 , 16.1049,81.2575 , 6.8310,
3039,Mining,19.79,19.80,,,,"Thu Feb 29, 2024 - 09:53:47",User,1.5,ppm,,,,,LMW16,Mining,<LOD,10.7482,612.6437 , 26.0343,<LOD,17.3278,,,944706.4375 , 450.9915,22.1755 , 6.5901,,,<LOD,12.5984,<LOD,86.2047,<LOD,55.6374,309.8787 , 9.8178,42174.8125 , 166.8756,<LOD,0.0000,<LOD,8.6090,,,83.5956 , 25.7858,<LOD,1.7093,3.0357 , 1.0384,11.8364 , 7.9462,9669.1660 , 25.3939,<LOD,10.7193,66.2723 , 2.1858,<LOD,0.0000,<LOD,22.6601,<LOD,4.4428,32.5212 , 9.8633,41.2136 , 0.9261,<LOD,0.0000,<LOD,12.6787,1982.2292 , 173.6550,<LOD,2.9851,<LOD,137.9074,<LOD,11.4561,11.8159 , 3.2688,187.6900 , 6.2703,84.6621 , 1.9330,
3040,Mining,19.14,18.96,,,,"Thu Feb 29, 2024 - 09:54:14",User,1.5,ppm,,,,,LMW16,Mining,<LOD,9.0140,392.6917 , 14.9263,<LOD,9.9729,,,969878.0625 , 303.7840,10.8111 , 3.8930,,,<LOD,10.7507,<LOD,60.8078,<LOD,46.4412,165.1276 , 6.8500,24103.2930 , 125.6553,<LOD,0.0000,9.2257 , 2.9219,,,87.9735 , 23.0029,<LOD,1.4937,7.2387 , 0.8701,11.7181 , 6.0688,3616.5386 , 14.3482,<LOD,9.4039,48.1350 , 1.5857,<LOD,0.0000,<LOD,18.7299,<LOD,2.6090,<LOD,12.1509,33.4042 , 0.6804,<LOD,0.0000,<LOD,7.1848,1422.5377 , 157.7189,<LOD,3.6646,<LOD,100.5277,<LOD,9.1045,2.9933 , 1.8212,157.0507 , 5.1396,53.1944 , 1.3097,
3041,Mining,20.19,19.40,,,,"Thu Feb 29, 2024 - 09:54:51",User,1.5,ppm,,,,,LMW16,Mining,<LOD,10.2624,561.5360 , 22.9186,<LOD,14.7203,,,949795.7500 , 412.9567,25.3665 , 5.8874,,,<LOD,12.0329,<LOD,79.4773,41.4485 , 35.8650,275.2031 , 8.9839,38637.2891 , 155.9959,<LOD,0.0000,<LOD,8.6078,,,84.3297 , 25.1378,<LOD,1.6599,6.7226 , 1.0175,19.5516 , 7.5063,8009.1045 , 22.3308,<LOD,10.3298,78.4917 , 2.1750,<LOD,0.0000,<LOD,21.5510,<LOD,3.8555,<LOD,15.4144,44.6271 , 0.8825,<LOD,0.0000,<LOD,11.1919,2055.4834 , 171.0145,<LOD,4.6839,77.7796 , 71.0738,<LOD,10.7201,15.9517 , 2.8900,190.3540 , 6.0213,81.0294 , 1.7756,
3042,Mining,20.25,19.87,,,,"Thu Feb 29, 2024 - 09:56:24",User,1.5,ppm,,,,,LMW10,Mining,118.5403 , 104.2278,648.9911 , 44.3786,<LOD,29.1475,,,725348.6875 , 2316.8962,29.5972 , 11.2618,,,<LOD,19.7137,<LOD,222.7274,<LOD,84.4435,349.4477 , 16.0416,258501.5312 , 359.9814,<LOD,0.0000,<LOD,18.0406,,,109.3430 , 40.7491,3.8408 , 1.8159,6.7409 , 1.5674,70.2926 , 29.4764,12753.4629 , 44.9795,<LOD,16.8621,5.1968 , 2.2736,<LOD,0.0000,225.6558 , 183.5324,<LOD,7.5905,415.9312 , 16.4153,4.5049 , 1.0750,<LOD,0.0000,<LOD,21.1717,971.1506 , 130.6157,<LOD,4.3968,<LOD,128.2135,<LOD,25.4396,<LOD,8.0778,385.2812 , 12.9603,51.8593 , 2.6358,
3043,Mining,19.33,19.26,,,,"Thu Feb 29, 2024 - 09:56:55",User,1.5,ppm,,,,,LMW10,Mining,132.0810 , 116.1221,796.9115 , 45.8741,<LOD,29.7288,,,711215.4375 , 2437.3142,54.1676 , 11.9259,,,<LOD,23.0504,<LOD,224.6196,<LOD,84.7541,385.5707 , 16.7590,271504.7812 , 357.5319,<LOD,0.0000,<LOD,17.5151,,,69.5176 , 40.0248,3.1167 , 1.8653,10.6440 , 1.6473,131.6213 , 30.3884,13426.8770 , 46.3079,<LOD,17.7813,10.5430 , 2.4132,<LOD,0.0000,276.8319 , 225.1330,<LOD,7.7497,486.1768 , 17.2174,5.6870 , 1.1142,<LOD,0.0000,<LOD,22.0993,974.6866 , 128.8795,<LOD,4.3029,<LOD,129.3401,<LOD,25.9307,<LOD,8.2901,451.6606 , 13.9377,63.6679 , 2.8059,
3044,Mining,19.00,19.09,,,,"Thu Feb 29, 2024 - 09:57:25",User,1.5,ppm,,,,,LMW10,Mining,115.9087 , 101.9214,725.8301 , 46.5688,<LOD,29.6770,,,720398.1250 , 2417.7437,32.4489 , 11.8284,,,<LOD,20.3554,<LOD,230.1001,<LOD,85.0490,338.4630 , 16.3430,263294.0938 , 370.9143,<LOD,0.0000,<LOD,12.4837,,,<LOD,100.8019,3.4618 , 1.8425,7.0771 , 1.6241,75.2470 , 30.5173,13153.1348 , 47.0763,<LOD,17.4234,<LOD,5.3967,<LOD,0.0000,180.3835 , 146.7219,<LOD,7.8213,404.8999 , 16.9569,4.0874 , 1.1126,<LOD,0.0000,<LOD,22.2718,823.0494 , 129.8059,<LOD,4.3800,<LOD,131.2864,<LOD,23.1845,<LOD,8.4382,410.4800 , 13.7115,33.3116 , 2.5521,
3045,Mining,19.03,18.93,,,,"Thu Feb 29, 2024 - 09:58:00",User,1.5,ppm,,,,,LMW10,Mining,186.3505 , 163.8096,898.3225 , 56.7438,<LOD,38.1415,,,666493.2500 , 3118.9824,49.9450 , 14.4721,,,<LOD,24.1802,<LOD,252.3434,<LOD,91.1320,448.4392 , 19.5094,311378.3125 , 395.1881,<LOD,0.0000,<LOD,19.7393,,,83.6541 , 43.8798,6.4216 , 2.0988,12.6731 , 1.9017,106.5791 , 36.2659,17617.8828 , 57.5013,39.3987 , 13.5022,6.0268 , 2.7987,<LOD,0.0000,317.5848 , 258.2362,<LOD,12.1140,624.4324 , 19.6795,6.3614 , 1.3517,<LOD,0.0000,<LOD,27.1215,1155.2218 , 136.2844,<LOD,5.1117,<LOD,155.4316,<LOD,37.5800,<LOD,10.4041,524.6617 , 16.3308,44.4690 , 3.0614,
3046,Mining,19.44,19.00,,,,"Thu Feb 29, 2024 - 09:59:58",User,1.5,ppm,,,,,LMW24,Mining,428.2614 , 376.4911,8564.7520 , 114.8918,<LOD,78.4746,,,765045.0000 , 2483.2959,442.6827 , 31.6669,,,<LOD,25.9011,<LOD,235.1933,<LOD,155.1609,315.4753 , 17.6206,142086.2031 , 401.7645,<LOD,0.0000,366.8614 , 21.3694,,,73.4156 , 46.4710,20.9225 , 2.9731,59.4806 , 3.2215,67.0953 , 22.8760,71200.3672 , 115.8662,<LOD,21.8705,27.4591 , 6.7017,<LOD,0.0000,1458.1871 , 40.8957,47.8094 , 13.5105,3529.8726 , 30.3763,7.0558 , 2.8768,<LOD,0.0000,<LOD,61.6617,5365.6069 , 300.5661,<LOD,12.9003,179.6192 , 114.3241,<LOD,54.7660,<LOD,23.4113,679.3314 , 18.9441,34.5145 , 6.7196,
3047,Mining,20.07,19.29,,,,"Thu Feb 29, 2024 - 10:00:28",User,1.5,ppm,,,,,LMW24,Mining,563.8206 , 495.5092,44914.7695 , 118.6451,1540.5205 , 67.7265,,,738640.7500 , 3423.8201,1557.5221 , 40.7730,,,119.1421 , 47.6269,<LOD,270.3552,157.5052 , 62.2778,<LOD,0.0000,178028.2031 , 454.4447,6023.2192 , 191.4253,1689.5892 , 191.5364,,,138.5869 , 51.9966,79.0552 , 4.1775,<LOD,6.6355,241.5304 , 30.9656,<LOD,0.0000,95.4791 , 16.5800,205.9998 , 12.1297,<LOD,581.7531,1930.9475 , 46.7761,170.1047 , 17.2991,4367.4067 , 35.2741,174.4158 , 4.4829,4458.0654 , 110.8745,4736.0293 , 55.9533,6752.3804 , 322.2322,<LOD,42.4012,159.4141 , 117.5344,<LOD,51.4983,3255.5581 , 18.7135,<LOD,0.0000,<LOD,12.5917,
3048,Mining,19.60,19.18,,,,"Thu Feb 29, 2024 - 10:00:58",User,1.5,ppm,,,,,LMW24,Mining,340.7005 , 299.5580,7139.6182 , 97.9291,<LOD,65.7671,,,805081.0000 , 1641.1545,319.9765 , 26.5904,,,<LOD,24.6586,<LOD,210.0769,<LOD,104.3812,292.7696 , 16.1454,120392.6875 , 365.2001,<LOD,0.0000,304.8012 , 18.4158,,,68.9203 , 43.0181,15.1295 , 2.4965,46.3074 , 2.7039,44.7522 , 20.0653,55922.0898 , 97.1032,20.6198 , 12.8195,24.8305 , 5.5692,<LOD,0.0000,1167.3961 , 34.5971,25.2437 , 11.2852,2784.9912 , 25.3814,9.8268 , 2.4159,<LOD,0.0000,<LOD,51.4002,5085.5200 , 290.1255,<LOD,10.8155,234.3211 , 111.9475,36.5162 , 18.7605,<LOD,19.3397,604.3153 , 17.0100,37.6109 , 5.5404,
3049,Mining,19.14,19.05,,,,"Thu Feb 29, 2024 - 10:01:49",User,1.5,ppm,,,,,LMW13,Mining,220.6720 , 193.8874,2899.5613 , 67.1354,<LOD,44.0462,,,737220.5625 , 2433.3354,84.0258 , 17.1710,,,<LOD,36.3626,<LOD,239.2068,<LOD,94.7146,394.7028 , 18.2420,229956.1875 , 403.4797,<LOD,0.0000,20.9672 , 10.6268,,,118.7065 , 44.6326,5.7583 , 2.1240,6.3261 , 1.9816,61.3148 , 29.1387,23632.2930 , 64.9256,41.6473 , 12.8317,41.4399 , 3.9941,<LOD,0.0000,594.5992 , 483.2538,13.5206 , 7.6932,1214.4775 , 20.3663,25.1070 , 1.7165,<LOD,0.0000,<LOD,32.6964,2684.8889 , 190.7675,<LOD,11.0348,<LOD,237.6899,<LOD,36.8000,<LOD,12.3517,696.0936 , 18.1951,67.1807 , 3.7858,
3050,Mining,19.52,19.55,,,,"Thu Feb 29, 2024 - 10:02:25",User,1.5,ppm,,,,,LMW13,Mining,216.1293 , 189.9082,3480.2925 , 72.2431,<LOD,46.1591,,,680116.8125 , 2903.7581,138.3776 , 18.9211,,,<LOD,24.9134,<LOD,256.0155,<LOD,96.7843,525.5732 , 20.9807,283712.1250 , 402.4331,<LOD,0.0000,26.5862 , 11.4388,,,<LOD,117.5392,11.7779 , 2.4498,19.8634 , 2.2909,100.1467 , 34.4997,25595.5176 , 69.6708,30.1905 , 14.4187,55.9563 , 4.3580,<LOD,0.0000,557.3083 , 452.9749,14.3787 , 8.1095,1097.1782 , 22.2452,30.8927 , 1.8650,<LOD,0.0000,<LOD,35.0629,3216.2925 , 189.2175,<LOD,6.8687,<LOD,246.9453,<LOD,39.0814,<LOD,13.1234,951.2167 , 21.5706,103.3775 , 4.2626,
3051,Mining,19.49,18.89,,,,"Thu Feb 29, 2024 - 10:02:57",User,1.5,ppm,,,,,LMW13,Mining,289.0801 , 254.1927,3963.7815 , 84.4720,<LOD,55.2708,,,671096.3750 , 3513.2737,144.0849 , 21.9700,,,42.1703 , 17.9250,<LOD,276.7101,<LOD,104.8826,513.1660 , 22.4476,286439.5000 , 444.1835,<LOD,0.0000,20.4374 , 12.9993,,,111.7407 , 49.1031,14.8100 , 2.6889,17.7257 , 2.5596,116.9719 , 37.0032,31006.2188 , 81.4783,79.8492 , 15.7016,36.1241 , 4.7332,<LOD,0.0000,687.4825 , 36.0497,<LOD,23.8002,1360.0017 , 24.5697,26.9774 , 2.1018,<LOD,0.0000,<LOD,41.6102,2968.3462 , 197.9856,<LOD,12.3032,<LOD,284.7395,<LOD,33.2931,<LOD,15.6639,970.8538 , 23.3818,94.3130 , 4.8468,
3052,Mining,18.98,19.00,,,,"Thu Feb 29, 2024 - 10:03:48",User,1.5,ppm,,,,,LMW13A,Mining,59.0244 , 51.9109,1302.5004 , 26.1081,<LOD,16.9875,,,823572.3750 , 1328.6968,11.3642 , 6.6137,,,<LOD,16.1934,<LOD,245.6806,<LOD,65.2077,498.4734 , 15.5928,167878.7031 , 290.5398,<LOD,0.0000,<LOD,6.6838,,,269.7871 , 38.0030,3.0415 , 1.4369,<LOD,1.7980,<LOD,28.6604,4422.3369 , 23.1884,<LOD,13.8583,7.6517 , 1.5062,<LOD,0.0000,123.4896 , 100.4631,<LOD,6.3378,307.0886 , 13.3529,6.0375 , 0.7000,<LOD,0.0000,<LOD,11.5585,128.4005 , 110.8696,<LOD,2.9616,<LOD,107.9959,<LOD,0.0000,26.4292 , 3.0011,1365.7183 , 19.7063,17.5642 , 1.5388,
3053,Mining,19.66,19.12,,,,"Thu Feb 29, 2024 - 10:04:48",User,1.5,ppm,,,,,LMW13A,Mining,161.9634 , 142.3641,2079.4756 , 46.6007,<LOD,29.3876,,,774979.8750 , 1949.8304,50.6137 , 11.9231,,,<LOD,19.2938,<LOD,330.2464,<LOD,77.8988,659.7916 , 20.0513,204796.1250 , 347.3430,<LOD,0.0000,<LOD,19.2190,,,310.9551 , 43.8475,7.6755 , 1.7958,<LOD,2.4371,<LOD,37.7853,13130.7568 , 44.1893,<LOD,26.6980,21.9112 , 2.6655,<LOD,0.0000,382.6667 , 311.1377,<LOD,7.9578,805.0854 , 16.9123,12.9066 , 1.1684,<LOD,0.0000,<LOD,22.2428,896.8641 , 139.0212,<LOD,5.1050,<LOD,132.0756,<LOD,43.5643,55.7088 , 5.7114,1609.6724 , 24.1642,37.9964 , 2.5909,
3054,Mining,19.49,19.52,,,,"Thu Feb 29, 2024 - 10:05:23",User,1.5,ppm,,,,,LMW13A,Mining,73.2646 , 64.4334,1952.1289 , 32.1871,<LOD,20.1651,,,792836.2500 , 1539.5452,31.4548 , 8.2693,,,<LOD,16.9577,<LOD,183.2725,<LOD,67.2838,687.6135 , 18.3003,194979.7656 , 299.2326,<LOD,0.0000,<LOD,7.6602,,,358.4339 , 40.2153,6.8774 , 1.5614,<LOD,1.9632,<LOD,50.9445,6523.7944 , 28.5812,<LOD,14.5706,12.4686 , 1.8263,<LOD,0.0000,123.8189 , 100.7285,<LOD,7.2806,333.0872 , 14.0419,7.1416 , 0.7993,<LOD,0.0000,<LOD,14.6118,202.0227 , 108.5897,<LOD,3.3762,<LOD,104.3241,<LOD,0.0000,38.5201 , 3.6893,1810.1036 , 22.9438,23.2835 , 1.8154,
3055,Mining,19.43,19.27,,,,"Thu Feb 29, 2024 - 10:06:14",User,1.5,ppm,,,,,LMW17,Mining,49.3180 , 43.3777,593.3546 , 63.8439,<LOD,42.7366,,,873936.9375 , 951.2848,143.9504 , 16.7027,,,<LOD,17.3176,<LOD,140.9673,<LOD,74.0667,113.5963 , 9.2288,81028.5391 , 257.0609,<LOD,0.0000,74.4228 , 9.9611,,,<LOD,62.1149,<LOD,2.4604,57.7101 , 1.7905,56.7009 , 12.8103,41110.6367 , 63.8511,<LOD,14.5178,<LOD,4.8660,<LOD,0.0000,82.6241 , 67.2228,15.5517 , 7.4666,321.1420 , 14.4865,<LOD,2.1491,<LOD,0.0000,<LOD,32.7674,2208.7532 , 194.4395,<LOD,6.1946,<LOD,184.1199,<LOD,17.9348,<LOD,12.0481,206.7731 , 8.5516,<LOD,5.0243,
3056,Mining,19.77,19.78,,,,"Thu Feb 29, 2024 - 10:06:55",User,1.5,ppm,,,,,LMW17,Mining,175.3905 , 154.1551,484.8831 , 87.2789,<LOD,58.9403,,,830467.3750 , 1523.1573,189.7166 , 22.9227,,,<LOD,22.4390,<LOD,180.7824,<LOD,91.0939,139.7000 , 11.6015,103692.6328 , 316.8519,<LOD,0.0000,93.0029 , 13.3886,,,71.3074 , 38.9447,7.2754 , 2.1863,90.5294 , 2.4774,39.3152 , 16.6460,59972.0000 , 89.1039,<LOD,19.4450,<LOD,6.9426,<LOD,0.0000,416.3287 , 338.4828,22.3828 , 10.2920,904.9968 , 19.8332,<LOD,3.0486,<LOD,0.0000,<LOD,45.7973,2839.0413 , 228.3016,<LOD,8.8112,112.9644 , 93.8961,42.3061 , 15.2931,<LOD,17.3170,238.8737 , 10.6397,<LOD,7.0968,
3057,Mining,20.03,19.93,,,,"Thu Feb 29, 2024 - 10:07:28",User,1.5,ppm,,,,,LMW17,Mining,178.2185 , 156.6504,1077.4110 , 95.3347,<LOD,65.3606,,,811731.2500 , 1730.8019,170.1949 , 24.8453,,,<LOD,23.9666,<LOD,192.9927,<LOD,94.8143,174.1859 , 12.8891,114423.2344 , 337.3150,<LOD,0.0000,90.0201 , 14.3803,,,109.9827 , 41.7815,8.5426 , 2.4866,104.7116 , 2.7046,81.4902 , 18.2279,66788.6484 , 98.3411,<LOD,20.7187,<LOD,7.7049,<LOD,0.0000,372.0963 , 302.5399,34.8049 , 11.3663,886.4982 , 21.0232,<LOD,3.3689,<LOD,0.0000,<LOD,49.6101,3455.5125 , 244.5698,<LOD,9.3715,<LOD,277.8012,<LOD,26.6138,<LOD,19.0694,242.3036 , 11.1646,70.8637 , 5.6822,
3058,Mining,19.57,18.80,,,,"Thu Feb 29, 2024 - 10:08:28",User,1.5,ppm,,,,,LMW22,Mining,130.6309 , 114.8956,13552.5762 , 61.2841,<LOD,36.4350,,,831261.8125 , 1395.9475,159.8441 , 16.0578,,,<LOD,18.3905,<LOD,174.9863,<LOD,75.5779,347.2125 , 13.9930,133012.9531 , 295.9470,<LOD,0.0000,128.1954 , 11.6098,,,44.7288 , 34.0853,4.2905 , 1.7473,14.4395 , 1.6092,52.9929 , 17.4693,16655.8008 , 46.2109,<LOD,15.5858,23.9439 , 2.9103,<LOD,0.0000,713.9047 , 25.6869,29.6806 , 6.3173,693.1780 , 15.9262,22.6944 , 1.3034,<LOD,0.0000,<LOD,26.4463,2599.2937 , 190.4202,<LOD,5.7088,<LOD,217.1946,<LOD,22.3423,<LOD,8.2891,510.8376 , 13.1003,40.9492 , 2.8892,
3059,Mining,19.23,19.27,,,,"Thu Feb 29, 2024 - 10:08:59",User,1.5,ppm,,,,,LMW22,Mining,171.5328 , 150.8606,15241.3906 , 69.8844,84.6987 , 28.9850,,,805544.6875 , 1702.0734,212.6245 , 18.5632,,,<LOD,26.5199,<LOD,190.7421,<LOD,81.3857,389.8695 , 15.4755,151504.4375 , 320.4230,<LOD,0.0000,166.1867 , 13.5139,,,<LOD,68.8537,5.2017 , 1.9386,17.5253 , 1.8113,81.4317 , 19.5272,21145.5664 , 54.5098,<LOD,17.3650,21.4341 , 3.4191,<LOD,0.0000,832.5977 , 28.5035,12.7018 , 7.4891,900.3242 , 17.8175,23.0617 , 1.4881,<LOD,0.0000,<LOD,31.0612,3028.9558 , 200.8841,<LOD,6.9046,<LOD,234.7510,<LOD,23.7356,<LOD,9.8756,563.7899 , 14.4778,52.0032 , 3.3931,
3060,Mining,19.45,19.31,,,,"Thu Feb 29, 2024 - 10:09:38",User,1.5,ppm,,,,,LMW22,Mining,180.8053 , 159.0132,20867.8555 , 77.8882,<LOD,45.7879,,,776699.4375 , 1976.0194,279.0737 , 20.9408,,,<LOD,27.0974,<LOD,208.1217,<LOD,87.2067,456.5246 , 17.2046,175495.4688 , 340.4995,<LOD,0.0000,33.4758 , 12.8803,,,49.0938 , 38.2972,6.3728 , 2.2245,9.8997 , 2.0695,73.7029 , 21.8426,19498.9629 , 55.8917,23.0782 , 13.0191,35.8549 , 3.7307,<LOD,0.0000,946.8276 , 31.9856,29.7494 , 7.7606,1034.9205 , 20.0053,33.0801 , 1.6040,<LOD,0.0000,<LOD,33.4714,3552.8091 , 210.3828,8.9727 , 4.4896,<LOD,273.4414,<LOD,24.3568,22.6812 , 6.9173,582.6592 , 15.2851,78.6569 , 3.8327,
3061,Mining,19.96,19.28,,,,"Thu Feb 29, 2024 - 10:10:43",User,1.5,ppm,,,,,LMW19,Mining,86.4621 , 76.0218,1308.0197 , 59.4579,<LOD,39.8811,,,890530.9375 , 882.5455,127.5728 , 15.5313,,,<LOD,17.8131,<LOD,130.6036,<LOD,76.1579,151.7005 , 9.6940,66474.3438 , 239.1598,<LOD,0.0000,108.8948 , 9.9936,,,<LOD,73.0233,5.0924 , 1.7086,45.0742 , 1.7550,19.0463 , 11.8376,36097.8789 , 58.8850,<LOD,15.2660,19.0387 , 3.2714,<LOD,0.0000,268.9204 , 218.7179,39.7160 , 7.1358,603.5065 , 15.1875,<LOD,2.0955,<LOD,0.0000,<LOD,30.3032,3646.0183 , 231.4177,<LOD,5.9615,185.3095 , 92.0909,<LOD,25.3463,<LOD,11.2979,243.7172 , 8.9111,38.7408 , 3.2916,
3062,Mining,19.21,19.25,,,,"Thu Feb 29, 2024 - 10:11:18",User,1.5,ppm,,,,,LMW19,Mining,109.7199 , 96.4527,2672.1426 , 77.0525,<LOD,52.6550,,,857948.9375 , 1203.4164,234.3339 , 20.6653,,,<LOD,20.9267,<LOD,159.2659,<LOD,114.6358,202.9672 , 12.0036,83984.6484 , 285.0271,<LOD,0.0000,120.6651 , 12.5318,,,43.1253 , 35.7798,3.0914 , 2.0767,60.7957 , 2.2278,29.2429 , 14.2962,49129.0469 , 77.7156,<LOD,17.7401,11.6093 , 4.2620,<LOD,0.0000,369.9629 , 300.8400,66.5702 , 9.3977,790.1616 , 18.3654,<LOD,2.7529,<LOD,0.0000,<LOD,40.0970,3836.4175 , 249.6157,<LOD,7.9735,<LOD,284.6483,<LOD,20.8825,<LOD,15.0516,338.7896 , 11.4170,47.7724 , 4.4110,
3063,Mining,19.62,19.02,,,,"Thu Feb 29, 2024 - 10:11:46",User,1.5,ppm,,,,,LMW19,Mining,118.0036 , 103.7382,2115.1379 , 75.5534,<LOD,50.7145,,,859889.9375 , 1170.9648,214.0602 , 20.1495,,,<LOD,20.8703,<LOD,157.8105,<LOD,86.2921,202.5699 , 11.8990,83219.2109 , 281.5424,<LOD,0.0000,127.7126 , 12.3563,,,<LOD,91.0610,4.0254 , 2.0787,60.8354 , 2.2140,29.0995 , 14.3525,48347.8750 , 76.2744,<LOD,17.8108,14.6745 , 4.1802,<LOD,0.0000,339.0935 , 275.7474,54.0231 , 9.0638,784.1536 , 18.2791,<LOD,2.7253,<LOD,0.0000,<LOD,39.2411,3992.1897 , 251.5441,<LOD,7.7475,120.8043 , 97.1770,<LOD,20.5805,<LOD,14.8272,305.0474 , 10.8684,61.5746 , 4.4086,
3064,Mining,19.18,19.28,,,,"Thu Feb 29, 2024 - 10:12:47",User,1.5,ppm,,,,,LMW21,Mining,339.9268 , 298.7762,166689.9531 , 269.2591,<LOD,143.4312,,,609162.4375 , 6448.9395,976.1526 , 72.4602,,,457.4516 , 182.8867,<LOD,389.0032,<LOD,194.4707,875.9543 , 33.6579,196104.6562 , 559.1478,<LOD,0.0000,<LOD,64.2920,,,94.5648 , 59.4482,<LOD,7.1531,<LOD,6.8573,92.3563 , 35.9085,13637.0674 , 89.8713,<LOD,32.6441,<LOD,11.5832,<LOD,0.0000,2914.3474 , 72.1369,166.5081 , 23.6913,3666.3484 , 46.0975,26.6704 , 2.8501,<LOD,0.0000,<LOD,103.1360,3735.0747 , 305.5806,74.3559 , 11.7846,135.0410 , 124.3559,<LOD,85.0375,301.8993 , 12.3977,549.2078 , 23.5376,<LOD,13.4826,
3065,Mining,20.70,,,,,"Thu Feb 29, 2024 - 10:13:20",User,1.5,ppm,,,,,LMW21,Mining,451.4630 , 396.6799,193927.0938 , 302.0779,<LOD,163.3393,,,555847.2500 , 8515.3477,1076.3075 , 80.8944,,,653.0992 , 261.0199,<LOD,498.8039,<LOD,176.5320,1061.7570 , 37.5157,213462.1406 , 609.4439,<LOD,0.0000,<LOD,73.2515,,,85.0249 , 61.4534,<LOD,8.1789,<LOD,8.1251,<LOD,97.6255,18170.4082 , 108.3969,<LOD,63.6278,<LOD,14.0013,<LOD,0.0000,3886.2532 , 85.4421,116.6795 , 26.1794,4971.9995 , 54.6597,37.7133 , 3.4678,<LOD,0.0000,<LOD,117.3012,4868.4595 , 335.1662,70.9564 , 13.6551,157.0937 , 132.3278,89.3818 , 35.7367,410.9463 , 15.0469,655.9608 , 26.1761,<LOD,15.7936,
3066,Mining,19.71,19.21,,,,"Thu Feb 29, 2024 - 10:13:50",User,1.5,ppm,,,,,LMW21,Mining,553.8344 , 486.5164,193453.1406 , 301.2468,<LOD,166.1571,,,554963.0625 , 9060.1016,1222.3662 , 82.6093,,,738.8453 , 295.2212,<LOD,422.7308,130.5440 , 77.9538,966.8988 , 36.3886,207238.9062 , 605.3322,<LOD,0.0000,<LOD,74.8748,,,<LOD,219.4479,<LOD,8.4861,<LOD,8.6007,62.4157 , 37.7542,23057.9668 , 122.4037,106.7870 , 27.3854,<LOD,14.9507,<LOD,0.0000,4231.2607 , 90.6953,103.6122 , 26.5221,5923.1436 , 59.8865,52.9879 , 3.9350,<LOD,0.0000,<LOD,122.8737,5572.8574 , 358.4201,71.3947 , 14.5401,236.4986 , 141.1852,164.0458 , 38.3044,508.3784 , 17.0031,641.1041 , 26.1588,<LOD,17.4143,
3067,Mining,20.11,19.51,,,,"Thu Feb 29, 2024 - 10:14:50",User,1.5,ppm,,,,,MM35,Mining,97.7624 , 85.9502,3495.7742 , 52.7282,<LOD,34.0837,,,858258.1250 , 1081.8162,128.1995 , 13.8375,,,<LOD,17.2637,<LOD,148.2011,<LOD,71.9903,295.4321 , 12.1500,107193.7656 , 263.3502,<LOD,0.0000,49.2999 , 8.5699,,,58.6164 , 31.9100,4.6944 , 1.6843,23.2155 , 1.6381,103.2477 , 14.3681,25127.1191 , 50.0127,<LOD,14.8438,36.8000 , 3.0734,<LOD,0.0000,312.5719 , 254.1989,<LOD,11.1678,680.0070 , 14.8885,30.6410 , 1.3919,<LOD,0.0000,<LOD,25.9831,3415.2786 , 203.0762,<LOD,6.2341,131.2693 , 80.6083,<LOD,19.1309,<LOD,9.5184,475.2299 , 11.6115,82.9673 , 3.1122,
3068,Mining,20.34,19.62,,,,"Thu Feb 29, 2024 - 10:15:23",User,1.5,ppm,,,,,MM35,Mining,175.6110 , 154.3128,3152.8948 , 55.0420,<LOD,35.3998,,,856486.8125 , 1273.4562,109.8328 , 14.3395,,,34.6116 , 13.8340,<LOD,161.3291,<LOD,94.8184,320.4315 , 13.3666,110054.1328 , 282.8039,<LOD,0.0000,54.4887 , 9.1046,,,99.5390 , 35.5174,6.2444 , 1.8047,16.7227 , 1.7180,38.7651 , 15.4483,24340.5605 , 51.9516,62.1018 , 10.8156,34.9417 , 3.2481,<LOD,0.0000,553.6439 , 450.0172,<LOD,9.1813,1146.4791 , 16.7294,30.2881 , 1.4640,<LOD,0.0000,<LOD,27.2698,2703.0149 , 201.0947,6.6131 , 3.8924,<LOD,215.5951,<LOD,26.8873,<LOD,10.0619,494.8135 , 12.6058,77.4882 , 3.2520,
3069,Mining,20.49,19.82,,,,"Thu Feb 29, 2024 - 10:15:55",User,1.5,ppm,,,,,MM35,Mining,154.0596 , 135.4175,3903.8557 , 58.2598,<LOD,37.3131,,,828839.1250 , 1404.4263,135.6532 , 15.2576,,,<LOD,20.0112,<LOD,169.1332,<LOD,76.3199,351.3054 , 13.8335,133170.9062 , 291.5763,<LOD,0.0000,39.2569 , 9.2408,,,65.4051 , 34.4735,6.8416 , 1.8944,21.7403 , 1.8165,92.7833 , 16.9110,27101.4258 , 55.5426,83.0935 , 11.8201,32.0433 , 3.3097,<LOD,0.0000,387.2574 , 314.8722,<LOD,9.6581,892.0383 , 17.2846,32.9195 , 1.5332,<LOD,0.0000,<LOD,28.8452,3853.4597 , 211.4670,<LOD,9.3283,123.7058 , 82.6980,<LOD,26.2727,<LOD,10.6143,616.6823 , 13.8575,96.4577 , 3.5069,
3070,Mining,19.51,19.46,,,,"Thu Feb 29, 2024 - 10:16:53",User,1.5,ppm,,,,,MM32,Mining,329.1012 , 289.3439,<LOD,187.1842,<LOD,55.8449,,,847168.0625 , 1676.6771,159.8175 , 21.2919,,,97.2765 , 38.9017,<LOD,257.9848,<LOD,125.4361,197.8787 , 13.4318,98156.7266 , 328.2545,<LOD,0.0000,142.6317 , 13.7777,,,89.7993 , 41.7841,11.2488 , 2.2680,45.4643 , 2.4209,<LOD,48.8006,46637.0586 , 81.1571,212.3246 , 14.5831,5.9608 , 4.4467,<LOD,0.0000,1033.9762 , 34.1989,86.8040 , 10.2557,1767.5387 , 22.7312,<LOD,2.9518,<LOD,0.0000,<LOD,42.4621,3228.7952 , 255.2296,<LOD,8.7404,123.0417 , 101.8965,65.0306 , 17.1032,<LOD,16.5813,391.9955 , 13.4322,49.4559 , 4.6743,
3071,Mining,19.21,18.88,,,,"Thu Feb 29, 2024 - 10:17:23",User,1.5,ppm,,,,,MM32,Mining,301.7957 , 265.3682,942.0559 , 78.6936,<LOD,53.0076,,,845019.5000 , 1565.6515,191.7465 , 20.8456,,,<LOD,25.5871,185.7687 , 110.8219,<LOD,90.1466,230.4865 , 13.3261,99855.7266 , 313.7335,<LOD,0.0000,158.3140 , 13.3730,,,83.8749 , 39.4249,13.2756 , 2.2428,46.1368 , 2.3175,<LOD,23.7828,47128.4531 , 78.9981,152.5191 , 14.0238,18.5661 , 4.4495,<LOD,0.0000,834.8267 , 32.6279,87.5584 , 9.7858,1556.3074 , 21.7436,<LOD,3.5486,<LOD,0.0000,<LOD,41.2375,2732.2512 , 231.7325,<LOD,8.4707,<LOD,282.0042,<LOD,31.0683,<LOD,15.8398,424.2274 , 13.2344,36.5383 , 4.4584,
3072,Mining,19.56,19.70,,,,"Thu Feb 29, 2024 - 10:17:54",User,1.5,ppm,,,,,MM32,Mining,262.4617 , 230.7968,405.8901 , 78.6916,<LOD,52.8431,,,849553.3750 , 1522.4883,86.4175 , 20.0820,,,<LOD,35.1129,<LOD,178.0704,<LOD,89.3215,206.0066 , 13.0183,96627.7188 , 313.8011,<LOD,0.0000,108.2268 , 12.6784,,,65.8922 , 38.9221,14.4227 , 2.1810,45.3598 , 2.2590,<LOD,38.2312,46794.3672 , 78.3145,127.4777 , 13.3953,17.0018 , 4.3386,<LOD,0.0000,785.8664 , 31.3770,52.4997 , 9.5379,1541.6523 , 21.0792,<LOD,2.8435,<LOD,0.0000,<LOD,40.7112,2730.8213 , 234.0207,<LOD,8.0251,178.1933 , 98.2582,<LOD,39.3230,<LOD,15.8346,376.3651 , 12.6824,19.9788 , 4.3535,
3073,Mining,20.67,20.00,,,,"Thu Feb 29, 2024 - 10:19:15",User,1.5,ppm,,,,,LMW23,Mining,573.4032 , 503.9094,18868.6992 , 126.4869,<LOD,84.5499,,,726760.1875 , 3462.0979,543.6918 , 35.2272,,,155.0168 , 61.9652,<LOD,262.0981,<LOD,141.4737,546.8098 , 22.5589,171496.6406 , 435.0845,<LOD,0.0000,389.5380 , 23.9217,,,164.6067 , 51.4913,29.0042 , 3.3894,21.9846 , 3.5494,77.3490 , 26.4845,68078.3672 , 120.6366,181.4480 , 18.3299,44.9137 , 7.2858,<LOD,0.0000,1894.9614 , 48.1987,98.8269 , 14.7263,3930.7395 , 34.6528,37.9284 , 3.1975,<LOD,0.0000,<LOD,66.7611,5033.7817 , 291.6603,<LOD,13.8364,238.6910 , 115.0338,<LOD,58.7208,<LOD,24.9898,767.9599 , 21.0555,65.4708 , 7.3918,
3074,Mining,19.59,19.14,,,,"Thu Feb 29, 2024 - 10:19:47",User,1.5,ppm,,,,,LMW23,Mining,567.3375 , 498.6006,19034.4082 , 127.9216,<LOD,84.8595,,,727745.6875 , 3474.8865,555.1014 , 35.6855,,,109.7470 , 43.8713,<LOD,267.8871,<LOD,179.7407,479.7274 , 21.8516,172880.5938 , 449.0357,<LOD,0.0000,349.1883 , 23.7860,,,98.3551 , 50.5920,25.7722 , 3.3989,18.2533 , 3.5753,<LOD,73.3094,66037.0156 , 121.5795,156.2427 , 18.2563,43.9229 , 7.3914,<LOD,0.0000,1921.9541 , 48.7597,89.7429 , 14.7360,3843.2861 , 34.8098,41.7743 , 3.2347,<LOD,0.0000,<LOD,67.0557,5200.3574 , 299.9642,<LOD,14.1688,<LOD,339.7898,<LOD,59.0807,<LOD,39.9461,740.2359 , 21.0979,61.3373 , 7.3468,
3075,Mining,19.66,19.26,,,,"Thu Feb 29, 2024 - 10:20:39",User,1.5,ppm,,,,,LMW23,Mining,548.9367 , 482.4430,17378.5117 , 131.1292,<LOD,88.9876,,,717705.6875 , 3565.1406,552.6598 , 36.5719,,,111.8078 , 44.6964,<LOD,272.5886,97.6544 , 63.0368,483.8448 , 22.2500,178895.0781 , 448.7125,<LOD,0.0000,366.7273 , 24.4971,,,109.0030 , 51.9348,25.4084 , 3.4998,23.3143 , 3.7473,77.7701 , 27.6212,71276.7344 , 126.1256,126.4075 , 18.4520,42.5516 , 7.7574,<LOD,0.0000,1903.8231 , 49.5833,103.0660 , 15.5099,3994.5220 , 35.7760,45.4130 , 3.4048,<LOD,0.0000,<LOD,69.9478,4827.1851 , 292.8860,<LOD,18.2349,340.5024 , 120.0672,80.0019 , 25.0713,<LOD,26.3222,831.6822 , 22.4237,51.7236 , 7.6950,
3076,Mining,19.54,19.23,,,,"Thu Feb 29, 2024 - 10:23:22",User,1.5,ppm,,,,,MM34,Mining,172.5296 , 151.5985,12819.3154 , 80.3403,<LOD,51.3695,,,857162.9375 , 1347.0972,256.6377 , 21.6280,,,<LOD,22.2648,<LOD,162.5166,<LOD,91.7007,414.3633 , 15.8843,80597.2656 , 288.6355,<LOD,0.0000,158.8626 , 14.2287,,,77.2142 , 37.5321,8.4535 , 2.3135,25.4013 , 2.3226,42.2326 , 14.5004,38802.9414 , 73.1604,<LOD,24.6846,14.7764 , 4.2040,<LOD,0.0000,602.6029 , 489.7913,35.4572 , 8.8747,1109.1896 , 20.0697,23.7019 , 1.9188,<LOD,0.0000,<LOD,40.0354,6721.8428 , 312.5600,<LOD,8.2767,169.8513 , 111.8633,<LOD,25.7664,<LOD,14.4721,669.5435 , 15.6609,114.8936 , 4.8375,
3077,Mining,20.03,19.36,,,,"Thu Feb 29, 2024 - 10:24:27",User,1.5,ppm,,,,,MM34,Mining,264.0063 , 232.1544,9344.0459 , 121.8490,<LOD,83.7695,,,800398.1250 , 2162.0552,393.0375 , 33.3654,,,<LOD,27.7496,<LOD,200.2174,83.6147 , 62.1907,363.8172 , 17.6619,88887.0469 , 347.3476,<LOD,0.0000,133.3222 , 18.9541,,,134.4801 , 46.9852,10.1986 , 3.0147,129.5749 , 3.6148,51.4173 , 17.9447,90030.6875 , 129.9140,<LOD,24.8847,<LOD,10.3962,<LOD,0.0000,791.2928 , 38.8323,<LOD,35.4841,1834.6592 , 27.0788,<LOD,4.7266,<LOD,0.0000,<LOD,66.2776,6332.8623 , 340.8989,<LOD,12.6573,150.4233 , 124.4810,<LOD,32.8209,<LOD,25.7627,644.7722 , 17.7402,22.5873 , 7.6461,
3078,Mining,19.90,19.36,,,,"Thu Feb 29, 2024 - 10:25:16",User,1.5,ppm,,,,,MM34,Mining,169.9574 , 149.3548,7718.4429 , 99.8698,<LOD,67.1618,,,823824.1875 , 1708.6486,295.5276 , 26.9206,,,<LOD,25.0082,<LOD,183.1794,75.7907 , 56.6332,328.0950 , 15.7990,92115.0000 , 323.4799,<LOD,0.0000,98.5406 , 15.5606,,,63.1384 , 40.9134,7.1628 , 2.5865,96.7716 , 2.8752,87.9108 , 16.9269,66208.3906 , 101.0940,<LOD,21.5886,<LOD,8.8792,<LOD,0.0000,532.8395 , 433.1356,17.8828 , 11.4604,1346.0732 , 22.9979,<LOD,3.6595,<LOD,0.0000,<LOD,52.5765,6167.5112 , 313.9021,<LOD,9.7589,213.0490 , 116.5463,<LOD,31.1437,<LOD,19.6025,558.8715 , 15.5329,74.8971 , 6.0902,
3079,Mining,20.27,19.67,,,,"Thu Feb 29, 2024 - 10:27:02",User,1.5,ppm,,,,,LMW20,Mining,162.3414 , 142.7790,37206.7852 , 111.6743,203.7542 , 46.1815,,,785925.3125 , 2046.3279,496.3344 , 30.7904,,,<LOD,43.0008,<LOD,216.6178,<LOD,143.5172,444.8685 , 18.2773,125498.2344 , 355.5521,<LOD,0.0000,112.6765 , 19.3236,,,170.2845 , 45.1882,<LOD,6.4406,<LOD,4.2965,44.4358 , 19.4901,39515.2773 , 87.8220,<LOD,21.5149,33.3038 , 5.6407,<LOD,0.0000,1026.4543 , 37.5148,62.3260 , 11.9978,1775.4071 , 25.2981,46.7427 , 2.4233,<LOD,0.0000,<LOD,52.7928,6231.8540 , 303.0954,<LOD,13.2058,<LOD,323.1359,<LOD,32.7312,129.3501 , 11.4632,857.4136 , 19.5811,56.8659 , 5.7672,
3080,Mining,19.92,19.35,,,,"Thu Feb 29, 2024 - 10:27:37",User,1.5,ppm,,,,,LMW20,Mining,123.1007 , 108.2739,29427.6875 , 92.6507,140.5114 , 37.8599,,,801879.2500 , 1716.4982,450.7510 , 25.7251,,,<LOD,21.4357,<LOD,199.2432,<LOD,96.5740,380.1352 , 16.0892,129641.9531 , 330.5579,<LOD,0.0000,87.5712 , 15.9842,,,141.2476 , 41.0216,6.7898 , 2.3186,<LOD,3.3575,69.4873 , 18.7062,29800.3203 , 70.0904,<LOD,17.4312,24.0505 , 4.4322,<LOD,0.0000,844.9089 , 31.0639,47.0320 , 9.8760,1444.2039 , 20.8934,35.2445 , 1.9256,<LOD,0.0000,<LOD,42.8707,4687.5225 , 253.7844,<LOD,8.5544,<LOD,176.7327,<LOD,25.9508,83.7404 , 9.0369,630.6424 , 15.9991,53.8296 , 4.5852,
3081,Mining,19.56,18.93,,,,"Thu Feb 29, 2024 - 10:28:11",User,1.5,ppm,,,,,LMW20,Mining,197.9292 , 174.0683,39074.3477 , 117.2531,271.2353 , 49.3674,,,778680.9375 , 2179.1907,607.9334 , 32.8780,,,47.7819 , 18.3452,<LOD,222.7682,<LOD,145.0039,465.7204 , 19.0610,126964.2422 , 365.2039,<LOD,0.0000,160.2255 , 20.7227,,,171.2494 , 46.3325,8.9011 , 2.9508,<LOD,6.4409,83.5973 , 20.5916,42287.4102 , 93.2151,<LOD,22.8080,24.8159 , 5.9382,<LOD,0.0000,1146.1434 , 39.6498,72.1757 , 12.7792,1960.4871 , 26.9486,51.6455 , 2.5977,<LOD,0.0000,<LOD,56.5590,6649.1719 , 316.5318,<LOD,12.9044,<LOD,352.2291,<LOD,31.5212,133.1641 , 12.1735,877.5740 , 20.2526,63.2974 , 6.1909,
3082,Mining,19.70,19.40,,,,"Thu Feb 29, 2024 - 10:30:22",User,1.5,ppm,,,,,MM31,Mining,535.1779 , 470.4006,4797.5664 , 163.1458,<LOD,115.6024,,,702562.6250 , 3826.9692,604.7403 , 45.3099,,,<LOD,34.3029,<LOD,284.1160,<LOD,136.6036,332.3867 , 20.8227,153035.4844 , 471.4496,<LOD,0.0000,353.5616 , 27.0986,,,135.2247 , 56.4008,25.3055 , 4.0367,172.1356 , 4.9811,56.3059 , 26.5436,126371.1641 , 179.4537,<LOD,45.8565,<LOD,14.9409,<LOD,0.0000,1466.7043 , 52.6469,108.4074 , 20.1253,3881.4185 , 39.4582,<LOD,6.3132,<LOD,0.0000,<LOD,90.9233,4737.9888 , 325.1604,<LOD,18.4900,329.7860 , 134.7099,55.1552 , 24.9139,<LOD,37.1022,438.8824 , 18.4961,<LOD,15.6186,
3083,Mining,20.65,19.97,,,,"Thu Feb 29, 2024 - 10:30:58",User,1.5,ppm,,,,,MM31,Mining,518.9238 , 456.1261,2796.6846 , 138.3608,<LOD,96.7312,,,737691.6250 , 3189.9609,472.6589 , 37.9074,,,<LOD,31.0468,<LOD,255.2410,<LOD,133.0572,285.4737 , 18.3176,143993.8438 , 431.8344,<LOD,0.0000,358.3530 , 23.6605,,,139.2152 , 52.1768,25.6856 , 3.5395,125.5087 , 4.0867,51.6530 , 24.3035,103742.1953 , 149.6984,71.0279 , 17.9425,<LOD,17.0123,<LOD,0.0000,1484.9152 , 47.5332,112.1360 , 17.0882,3668.0410 , 34.9232,<LOD,5.2629,<LOD,0.0000,<LOD,75.8358,3851.1882 , 287.4355,<LOD,15.9922,142.3118 , 115.9492,<LOD,56.7808,<LOD,30.6547,468.5771 , 17.4150,<LOD,19.4362,
3084,Mining,18.92,18.79,,,,"Thu Feb 29, 2024 - 10:31:31",User,1.5,ppm,,,,,MM31,Mining,501.2066 , 440.5657,1848.4363 , 139.3923,<LOD,96.9366,,,747864.3750 , 3119.6917,400.6526 , 37.7917,,,<LOD,30.8894,<LOD,258.7673,<LOD,149.9484,274.1232 , 18.5052,138610.0000 , 440.9040,<LOD,0.0000,320.4537 , 23.4628,,,138.9833 , 53.4854,22.1537 , 3.4397,128.4478 , 4.1134,<LOD,65.1788,100322.4766 , 151.8352,87.3424 , 18.1876,<LOD,12.1114,<LOD,0.0000,1361.0183 , 47.2043,97.3724 , 17.1251,3359.6929 , 34.5323,<LOD,5.3069,<LOD,0.0000,<LOD,76.0948,4078.2759 , 302.2408,<LOD,15.3890,172.4576 , 121.5472,<LOD,59.9974,<LOD,30.7442,412.5611 , 16.9972,<LOD,12.7728,
