Reading No,Reading Type,Duration,Main,Low,High,Light,Time,User,Sigma Value,Units,Batch,Heat,Lot,Note,Sample,Mode,Ag,Ag 2-Sigma,As,As 2-Sigma,Au,Au 2-Sigma,Bal,Bal 2-Sigma,Bi,Bi 2-Sigma,Cd,Cd 2-Sigma,Co,Co 2-Sigma,Cr,Cr 2-Sigma,Cu,Cu 2-Sigma,Fe,Fe 2-Sigma,Hf,Hf 2-Sigma,Hg,Hg 2-Sigma,Mn,Mn 2-Sigma,Mo,Mo 2-Sigma,Nb,Nb 2-Sigma,Ni,Ni 2-Sigma,Pb,Pb 2-Sigma,Pd,Pd 2-Sigma,Rb,Rb 2-Sigma,Re,Re 2-Sigma,Sb,Sb 2-Sigma,Se,Se 2-Sigma,Sn,Sn 2-Sigma,Sr,Sr 2-Sigma,Ta,Ta 2-Sigma,Th,Th 2-Sigma,Ti,Ti 2-Sigma,U,U 2-Sigma,V,V 2-Sigma,W,W 2-Sigma,Y,Y 2-Sigma,Zn,Zn 2-Sigma,Zr,Zr 2-Sigma,Ca,Ca 2-Sigma,K,K 2-Sigma,
3932,Mining,19.93,19.22,,,,"Fri Mar 7, 2025 - 05:04:50",User,1.5,ppm,,,,,test,Mining,<LOD,15.7096,<LOD,3.9230,<LOD,5.3573,870837.3750 , 865.8268,<LOD,2.3550,<LOD,13.2636,<LOD,130.0489,7191.1489 , 117.8850,11.7082 , 6.7946,117691.6328 , 226.0278,<LOD,0.0000,<LOD,2.8913,2798.2080 , 76.0569,<LOD,1.6530,<LOD,1.3364,1310.6130 , 27.4534,18.3339 , 1.7415,<LOD,11.3248,<LOD,1.0993,<LOD,0.0000,<LOD,23.4641,<LOD,1.4117,<LOD,15.3278,21.7629 , 0.6307,<LOD,0.0000,<LOD,1.6351,<LOD,178.9440,<LOD,2.0484,<LOD,149.1618,<LOD,0.0000,<LOD,1.2726,113.8675 , 5.2562,5.3555 , 0.8602,,,,,
3933,Mining,20.14,19.98,,,,"Fri Mar 7, 2025 - 05:10:49",User,1.5,ppm,,,,,LA 24_22,Mining,239.2706 , 210.2337,2621.1553 , 76.4012,<LOD,50.5252,655694.1250 , 3337.3076,99.5817 , 19.5697,<LOD,24.4133,<LOD,262.6733,<LOD,98.2082,1034.5311 , 28.5471,303762.0000 , 417.9824,<LOD,0.0000,40.9546 , 12.3799,719.2913 , 57.5288,7.2912 , 2.2787,9.2697 , 2.2388,173.1037 , 36.6792,29277.7637 , 75.2163,<LOD,25.0062,10.5043 , 3.8394,<LOD,0.0000,557.9839 , 453.5064,42.9440 , 9.1717,1314.0848 , 22.3282,7.9410 , 1.7598,<LOD,0.0000,<LOD,37.5015,1376.8541 , 149.0983,<LOD,7.2336,<LOD,150.3580,<LOD,40.0049,<LOD,14.3592,2977.9470 , 37.4593,33.3683 , 3.8820,,,,,
3934,Mining,19.11,19.17,,,,"Fri Mar 7, 2025 - 05:12:13",User,1.5,ppm,,,,,LA 24_22,Mining,<LOD,9.1227,253.4367 , 13.5316,<LOD,9.3149,926795.0625 , 482.6768,9.3359 , 3.5826,<LOD,11.0093,<LOD,88.9313,<LOD,40.2336,139.7847 , 6.3519,68739.0625 , 169.5475,<LOD,0.0000,14.4443 , 2.9372,182.6688 , 24.7644,8.2550 , 1.0420,11.1122 , 0.9155,43.0352 , 7.8775,3202.8936 , 13.4298,<LOD,9.8491,<LOD,2.2427,<LOD,0.0000,<LOD,18.8435,<LOD,3.3799,<LOD,12.2768,5.6551 , 0.4417,<LOD,0.0000,<LOD,6.5809,<LOD,150.0531,4.5622 , 1.5207,<LOD,71.5140,<LOD,10.7955,<LOD,3.8577,578.6926 , 8.9684,12.0195 , 0.9305,,,,,
3935,Mining,19.97,19.32,,,,"Fri Mar 7, 2025 - 05:12:55",User,1.5,ppm,,,,,LA 24_22,Mining,202.6010 , 178.0613,3048.8914 , 76.1772,<LOD,49.1369,649835.5000 , 3260.5266,97.7830 , 19.4835,<LOD,23.9917,<LOD,262.8592,<LOD,95.9017,1233.4728 , 30.8977,308812.2500 , 410.7702,<LOD,0.0000,56.7853 , 12.7410,1154.2446 , 64.0057,9.8331 , 2.3269,10.3315 , 2.2492,233.3640 , 37.1921,28333.3008 , 74.3498,<LOD,20.6282,16.5481 , 3.8562,<LOD,0.0000,423.2166 , 344.0639,42.9248 , 9.0456,1162.4048 , 22.0761,7.5431 , 1.7376,<LOD,0.0000,<LOD,37.1775,1066.7795 , 140.3964,<LOD,7.0578,<LOD,149.3415,<LOD,44.4310,<LOD,14.1335,4219.7705 , 44.3294,32.4185 , 3.8533,,,,,
3936,Mining,20.55,19.84,,,,"Fri Mar 7, 2025 - 05:15:33",User,1.5,ppm,,,,,LA 24_30,Mining,125.2725 , 110.1753,906.0330 , 60.3126,<LOD,38.6393,696781.9375 , 2393.6555,55.3131 , 15.2017,<LOD,20.4946,<LOD,223.9181,<LOD,80.4190,735.9902 , 21.5771,274526.1250 , 356.2465,<LOD,0.0000,<LOD,12.8665,<LOD,68.3218,5.7678 , 1.9199,24.6192 , 1.7816,190.2280 , 29.7548,24952.0801 , 61.1156,<LOD,17.3698,<LOD,4.5940,<LOD,0.0000,50.1304 , 40.7829,<LOD,9.9468,242.6867 , 16.7456,<LOD,1.8825,<LOD,0.0000,<LOD,29.4762,386.1423 , 112.8347,<LOD,5.2017,<LOD,161.9544,<LOD,25.6317,<LOD,10.7083,993.9221 , 19.6710,23.7327 , 2.9949,,,,,
3937,Mining,19.72,19.26,,,,"Fri Mar 7, 2025 - 05:16:21",User,1.5,ppm,,,,,LA 24_30,Mining,132.7945 , 116.7629,792.8655 , 61.0588,<LOD,38.7700,633196.3750 , 3298.3704,68.5158 , 15.7248,<LOD,22.6776,<LOD,260.9932,<LOD,92.3182,681.5449 , 23.8660,342975.3438 , 405.9898,<LOD,0.0000,<LOD,19.6963,<LOD,70.1741,<LOD,3.3860,18.6924 , 1.9268,248.3721 , 39.6866,19754.4648 , 62.2731,<LOD,19.0975,<LOD,4.0640,<LOD,0.0000,199.5679 , 162.3170,<LOD,10.1563,266.6563 , 18.5754,<LOD,2.0368,<LOD,0.0000,<LOD,29.0660,605.1671 , 119.5899,<LOD,4.9648,<LOD,138.8078,<LOD,31.7013,<LOD,10.9123,1035.2831 , 22.7293,24.3508 , 2.9397,,,,,
3938,Mining,19.56,19.14,,,,"Fri Mar 7, 2025 - 05:16:56",User,1.5,ppm,,,,,LA 24_30,Mining,89.6678 , 78.8721,1497.9987 , 55.2896,<LOD,35.4043,682312.0625 , 2595.4800,78.8212 , 14.3643,<LOD,20.5580,<LOD,238.3848,<LOD,84.3632,988.8000 , 25.8251,295472.1562 , 373.5929,<LOD,0.0000,<LOD,12.7940,<LOD,75.3257,<LOD,2.7340,19.1926 , 1.7021,96.8021 , 33.1963,17561.5996 , 54.8574,<LOD,17.2311,<LOD,3.4667,<LOD,0.0000,<LOD,37.6027,<LOD,9.2013,150.2339 , 16.7037,<LOD,2.3143,<LOD,0.0000,<LOD,26.4821,397.0895 , 113.6132,<LOD,4.5555,<LOD,126.7479,<LOD,27.9725,<LOD,9.2442,1329.5334 , 23.7947,6.0334 , 2.5307,,,,,
3939,Mining,20.03,19.98,,,,"Fri Mar 7, 2025 - 05:20:28",User,1.5,ppm,,,,,LA 24_9,Mining,<LOD,9.7079,303.0539 , 23.3799,<LOD,15.4808,976907.0625 , 292.3496,55.7393 , 6.2362,<LOD,11.5169,<LOD,39.4267,<LOD,51.1226,21.9911 , 4.2210,8891.3994 , 84.7526,<LOD,0.0000,36.5443 , 4.2717,<LOD,29.2149,3.2390 , 1.1072,15.7701 , 0.9854,<LOD,7.9653,9991.4717 , 23.1502,<LOD,11.0056,38.9608 , 1.7335,<LOD,0.0000,<LOD,20.7165,<LOD,4.0224,<LOD,17.8288,19.2671 , 0.7010,<LOD,0.0000,<LOD,11.7321,3557.7026 , 209.6692,2.8255 , 1.9241,<LOD,117.7400,<LOD,10.8880,<LOD,4.1822,70.8879 , 3.8947,84.1283 , 1.7190,,,,,
3940,Mining,20.38,19.98,,,,"Fri Mar 7, 2025 - 05:21:04",User,1.5,ppm,,,,,LA 24_9,Mining,<LOD,6.2319,<LOD,10.3026,<LOD,5.0514,996841.1875 , 114.6089,<LOD,2.7885,<LOD,7.5755,<LOD,13.8365,<LOD,31.6392,<LOD,3.2089,1604.3348 , 30.6971,<LOD,0.0000,10.3345 , 1.7878,<LOD,17.0521,5.3368 , 0.7295,7.6404 , 0.6276,<LOD,4.8703,1440.0840 , 7.0830,<LOD,6.7634,4.3861 , 0.6357,<LOD,0.0000,<LOD,12.8397,<LOD,1.3081,<LOD,8.2737,4.5536 , 0.2890,<LOD,0.0000,<LOD,3.3221,<LOD,143.4128,1.7520 , 0.9942,<LOD,61.5170,<LOD,5.5167,<LOD,1.4087,65.9049 , 2.7409,14.4934 , 0.6448,,,,,
3941,Mining,19.76,19.72,,,,"Fri Mar 7, 2025 - 05:21:37",User,1.5,ppm,,,,,LA 24_9,Mining,38.8789 , 34.1869,653.1689 , 39.6656,<LOD,26.4073,953364.8125 , 478.8960,117.3898 , 10.6119,<LOD,14.8601,<LOD,62.5361,<LOD,83.7922,49.9215 , 6.0437,16386.4453 , 128.2743,<LOD,0.0000,42.8786 , 6.4382,<LOD,56.0842,<LOD,3.3972,32.2440 , 1.4547,<LOD,12.1704,21297.6250 , 39.1852,<LOD,12.8932,90.4514 , 3.0440,<LOD,0.0000,270.4102 , 219.9463,<LOD,6.8479,502.3565 , 12.3968,39.4738 , 1.1969,<LOD,0.0000,<LOD,20.3331,6621.8198 , 289.5541,<LOD,6.3379,201.6451 , 104.3912,<LOD,13.4822,<LOD,7.5976,85.6281 , 5.1241,204.8469 , 3.1620,,,,,
3942,Mining,19.81,19.16,,,,"Fri Mar 7, 2025 - 05:23:44",User,1.5,ppm,,,,,LA 24_17,Mining,154.5793 , 135.8221,2078.3245 , 100.5912,<LOD,71.3896,893437.0625 , 1079.4587,324.0274 , 27.6886,<LOD,23.8501,<LOD,75.2886,<LOD,157.2225,40.4933 , 9.1089,10110.6953 , 139.9891,<LOD,0.0000,109.1573 , 15.1799,<LOD,82.6502,9.4507 , 2.6868,175.2533 , 3.2034,<LOD,19.7986,82349.8281 , 116.2970,<LOD,19.9756,<LOD,8.9622,<LOD,0.0000,640.2747 , 520.3962,31.4135 , 12.2296,1358.1199 , 22.8613,<LOD,3.8138,<LOD,0.0000,<LOD,55.4019,9044.6494 , 425.7144,<LOD,10.5249,<LOD,405.4336,<LOD,22.3929,<LOD,22.1428,88.1602 , 8.0628,48.5740 , 6.8832,,,,,
3943,Mining,19.69,18.94,,,,"Fri Mar 7, 2025 - 05:24:13",User,1.5,ppm,,,,,LA 24_17,Mining,123.5608 , 108.6031,1812.7070 , 87.6169,<LOD,62.0048,909848.6250 , 826.4210,331.9637 , 24.2265,<LOD,21.0583,<LOD,69.9137,<LOD,95.4870,35.9015 , 8.1901,8297.1904 , 120.4835,<LOD,0.0000,91.4637 , 13.2595,<LOD,78.1098,6.3217 , 2.2601,145.5583 , 2.6704,<LOD,17.1928,70600.6406 , 96.0947,<LOD,17.5804,<LOD,7.5022,<LOD,0.0000,457.2929 , 371.7959,53.5628 , 10.7755,1351.0674 , 20.5107,<LOD,3.2006,<LOD,0.0000,<LOD,47.5976,6540.2222 , 357.6472,<LOD,9.0948,207.0872 , 129.7114,<LOD,23.6770,<LOD,18.5844,96.8115 , 7.5339,<LOD,13.5517,,,,,
3944,Mining,19.78,19.16,,,,"Fri Mar 7, 2025 - 05:24:43",User,1.5,ppm,,,,,LA 24_17,Mining,<LOD,10.7916,377.0588 , 38.1731,<LOD,25.0145,967174.9375 , 346.6538,106.1761 , 10.1036,<LOD,12.3093,<LOD,31.9188,<LOD,56.9467,10.8163 , 4.6149,3929.1992 , 64.7136,<LOD,0.0000,59.8878 , 6.2615,<LOD,33.5644,<LOD,1.9145,41.2486 , 1.2122,<LOD,9.0041,23214.5000 , 37.1480,<LOD,10.2855,23.8119 , 2.2149,<LOD,0.0000,<LOD,22.7812,20.0406 , 4.5014,103.3779 , 10.1535,<LOD,1.3320,<LOD,0.0000,<LOD,19.2794,4750.9961 , 248.1881,<LOD,3.9006,<LOD,177.2031,<LOD,10.6997,<LOD,6.7928,70.4016 , 4.4606,117.5400 , 2.5541,,,,,
3945,Mining,20.07,19.30,,,,"Fri Mar 7, 2025 - 05:26:05",User,1.5,ppm,,,,,LA 24_11,Mining,<LOD,6.7696,13.6499 , 3.2029,<LOD,3.4533,994686.2500 , 163.5813,<LOD,1.6485,<LOD,8.1851,<LOD,22.1866,<LOD,37.1439,19.9201 , 3.1802,3928.3887 , 49.6798,<LOD,0.0000,<LOD,1.9367,<LOD,21.2069,<LOD,1.2455,3.6976 , 0.6344,<LOD,5.5773,237.9777 , 3.1944,<LOD,7.1384,9.5056 , 0.7045,<LOD,0.0000,<LOD,14.0206,<LOD,0.9192,<LOD,9.0480,7.9868 , 0.3177,<LOD,0.0000,<LOD,2.9068,947.9536 , 136.0308,<LOD,2.1528,<LOD,83.0510,<LOD,0.0000,6.2130 , 0.6540,58.4870 , 2.8256,79.9203 , 1.0838,,,,,
3946,Mining,19.33,18.97,,,,"Fri Mar 7, 2025 - 05:26:33",User,1.5,ppm,,,,,LA 24_11,Mining,<LOD,8.4118,35.3563 , 5.1332,<LOD,5.2968,985612.1875 , 271.6731,<LOD,2.5486,<LOD,10.0369,<LOD,38.0395,<LOD,56.9765,47.2100 , 4.5351,9259.6338 , 84.0479,<LOD,0.0000,<LOD,2.5340,39.1817 , 21.2258,<LOD,1.3759,<LOD,1.4322,<LOD,7.8716,446.0807 , 5.0496,<LOD,8.5793,21.4591 , 1.0327,<LOD,0.0000,<LOD,17.7337,<LOD,1.3808,<LOD,11.4770,13.5176 , 0.4403,<LOD,0.0000,<LOD,2.7734,3368.4856 , 204.3390,<LOD,1.6628,1002.5215 , 102.6027,<LOD,0.0000,4.9550 , 0.8761,32.0459 , 2.8043,117.3840 , 1.4990,,,,,
3947,Mining,19.17,19.03,,,,"Fri Mar 7, 2025 - 05:27:02",User,1.5,ppm,,,,,LA 24_11,Mining,<LOD,8.6397,34.3784 , 5.4883,<LOD,5.6933,985242.3750 , 280.9098,<LOD,2.6901,<LOD,10.3042,<LOD,38.7424,<LOD,57.4107,55.3487 , 4.8217,9294.4404 , 85.5900,<LOD,0.0000,<LOD,2.6242,<LOD,34.6216,<LOD,1.4043,1.2257 , 0.7410,10.8372 , 5.2703,500.4690 , 5.4353,<LOD,8.8432,24.2446 , 1.0943,<LOD,0.0000,<LOD,18.2184,<LOD,1.4935,<LOD,11.8274,16.6429 , 0.4794,<LOD,0.0000,<LOD,4.5825,3516.4783 , 210.4541,<LOD,1.6855,1140.9387 , 107.7909,<LOD,0.0000,5.1370 , 0.9214,39.5527 , 3.0390,117.8935 , 1.5357,,,,,
3948,Mining,19.70,19.26,,,,"Fri Mar 7, 2025 - 05:29:01",User,1.5,ppm,,,,,LA 24_8,Mining,134.7957 , 118.4882,15870.2119 , 86.3480,70.1302 , 35.6449,698461.2500 , 2603.1746,173.8281 , 22.3061,<LOD,23.1155,<LOD,283.8812,<LOD,95.2932,812.7183 , 24.0207,252664.1875 , 387.7061,<LOD,0.0000,<LOD,19.9025,<LOD,86.2114,3.8467 , 2.2920,22.0325 , 2.3256,<LOD,53.9598,27219.9102 , 70.4740,<LOD,19.6574,60.2842 , 4.5646,<LOD,0.0000,388.0751 , 315.5467,12.3647 , 9.2479,495.9367 , 19.6165,26.5040 , 1.8227,<LOD,0.0000,<LOD,38.2506,3020.8362 , 187.3333,<LOD,6.8683,<LOD,191.7588,<LOD,26.3189,<LOD,13.1625,494.3586 , 15.8154,68.7557 , 4.2562,,,,,
3949,Mining,19.94,19.85,,,,"Fri Mar 7, 2025 - 05:29:30",User,1.5,ppm,,,,,LA 24_8,Mining,137.3250 , 120.7144,14162.7539 , 83.3461,66.0739 , 34.6174,705193.1875 , 2565.2974,181.9202 , 21.6627,<LOD,22.8859,<LOD,242.4871,<LOD,93.2319,732.0718 , 22.8305,247941.5938 , 385.6818,<LOD,0.0000,<LOD,19.3262,<LOD,83.8537,<LOD,5.2887,16.2124 , 2.2255,56.8188 , 29.5554,26757.2812 , 69.0879,<LOD,19.4694,54.7680 , 4.4793,<LOD,0.0000,369.4742 , 300.4294,<LOD,18.7700,481.4162 , 19.2972,26.7990 , 1.7966,<LOD,0.0000,<LOD,37.3869,3301.1233 , 192.4149,<LOD,10.5888,<LOD,249.0946,<LOD,32.8298,<LOD,12.9442,459.4073 , 15.1979,61.8065 , 4.1074,,,,,
3950,Mining,20.24,19.94,,,,"Fri Mar 7, 2025 - 05:29:58",User,1.5,ppm,,,,,LA 24_8,Mining,97.6700 , 85.8796,11831.1396 , 71.8086,66.5927 , 29.9954,730506.5000 , 2084.8289,156.1145 , 18.5869,<LOD,20.1833,<LOD,217.7737,<LOD,85.6689,674.4088 , 20.1810,228631.4375 , 346.9109,<LOD,0.0000,<LOD,16.3340,85.2699 , 39.2353,3.5919 , 2.0169,15.3594 , 1.9313,55.2062 , 25.9006,24048.0742 , 60.0525,<LOD,16.9834,45.9180 , 3.7967,<LOD,0.0000,231.5196 , 188.3064,<LOD,11.5887,421.6183 , 17.1242,32.4681 , 1.6335,<LOD,0.0000,<LOD,32.0556,2645.7576 , 170.5333,<LOD,5.9759,<LOD,160.6595,<LOD,22.5191,<LOD,11.1270,384.5495 , 12.8933,66.7988 , 3.6144,,,,,
3951,Mining,19.82,19.95,,,,"Fri Mar 7, 2025 - 05:32:15",User,1.5,ppm,,,,,LA 24_1,Mining,17.7548 , 15.6180,94.6839 , 10.4040,<LOD,8.0068,929974.3125 , 564.3190,<LOD,7.0442,<LOD,14.3874,<LOD,132.1621,<LOD,56.5265,838.0754 , 15.2595,63748.0977 , 185.9261,<LOD,0.0000,<LOD,5.3087,232.8772 , 30.1181,<LOD,2.0341,7.2565 , 0.9778,25.3366 , 9.6922,1474.9004 , 10.4437,19.1389 , 7.4662,84.0270 , 2.1056,<LOD,0.0000,43.7369 , 35.5882,<LOD,2.1990,56.5970 , 9.8205,63.8342 , 0.9367,<LOD,0.0000,<LOD,5.5975,2280.8372 , 169.4281,<LOD,2.4449,<LOD,149.1210,<LOD,21.0018,16.7267 , 1.6147,884.6452 , 12.5901,137.1694 , 1.9639,,,,,
3952,Mining,19.71,19.07,,,,"Fri Mar 7, 2025 - 05:32:44",User,1.5,ppm,,,,,LA 24_1,Mining,<LOD,10.0988,176.5129 , 10.7730,<LOD,8.1699,929721.4375 , 540.9183,<LOD,6.9587,<LOD,11.8791,<LOD,147.2727,<LOD,55.4438,507.7372 , 12.3985,65001.0195 , 189.7481,<LOD,0.0000,<LOD,5.6069,134.6248 , 27.8709,<LOD,1.7689,5.1351 , 0.9568,<LOD,17.6194,1406.6405 , 10.4020,<LOD,9.9093,53.2847 , 1.7733,<LOD,0.0000,<LOD,21.2795,<LOD,2.1192,<LOD,13.8566,44.6469 , 0.8236,<LOD,0.0000,<LOD,5.2919,2186.2495 , 168.6845,<LOD,2.3092,<LOD,176.0419,<LOD,0.0000,17.3751 , 1.5815,575.2490 , 10.4221,170.0655 , 2.1581,,,,,
3953,Mining,19.19,19.31,,,,"Fri Mar 7, 2025 - 05:33:14",User,1.5,ppm,,,,,LA 24_1,Mining,18.8767 , 16.6012,80.3083 , 9.7582,<LOD,8.6330,945331.5000 , 541.7672,<LOD,4.2972,62.7784 , 25.1131,<LOD,112.7057,<LOD,93.7022,504.9949 , 13.9270,49644.3555 , 193.6048,<LOD,0.0000,<LOD,6.8285,148.9743 , 32.1363,<LOD,1.8586,2.9951 , 1.0012,24.5824 , 10.1899,962.0729 , 9.6421,<LOD,11.8057,57.6938 , 2.0289,<LOD,0.0000,157.6562 , 128.2546,<LOD,2.2159,193.2533 , 10.7140,42.8072 , 0.8935,<LOD,0.0000,<LOD,7.6456,2080.2559 , 198.1166,<LOD,2.5870,<LOD,166.3500,<LOD,0.0000,10.5905 , 1.5361,566.7313 , 11.5966,109.5885 , 1.9958,,,,,
3954,Mining,19.36,19.26,,,,"Fri Mar 7, 2025 - 05:36:00",User,1.5,ppm,,,,,LA 24_18,Mining,<LOD,11.0014,724.2627 , 15.7716,<LOD,10.8479,934737.8750 , 563.6503,236.6938 , 7.2508,<LOD,12.8664,<LOD,100.4261,<LOD,69.7368,40.4258 , 5.6466,58101.3594 , 191.1224,<LOD,0.0000,15.5363 , 3.5721,<LOD,54.8247,4.4197 , 1.2415,10.1212 , 1.0435,52.1816 , 9.1490,2273.1245 , 13.7119,<LOD,11.0964,34.4520 , 1.7311,<LOD,0.0000,605.8904 , 492.6001,6.6679 , 2.0664,223.2581 , 10.3488,18.3116 , 0.6525,<LOD,0.0000,<LOD,11.4379,2698.4448 , 195.6601,<LOD,2.6667,<LOD,172.1697,<LOD,10.5624,3.4649 , 1.8025,105.7873 , 5.1821,100.4540 , 1.9197,,,,,
3955,Mining,19.00,18.98,,,,"Fri Mar 7, 2025 - 05:36:27",User,1.5,ppm,,,,,LA 24_18,Mining,<LOD,10.2355,705.6884 , 20.4075,<LOD,13.4588,926827.5625 , 542.7034,234.8455 , 7.6044,<LOD,11.8021,<LOD,98.3795,<LOD,56.0282,55.4767 , 5.6342,61481.4727 , 186.0842,<LOD,0.0000,20.6594 , 3.9524,<LOD,55.1910,<LOD,1.9770,13.9346 , 1.0993,28.9475 , 8.6977,5300.8340 , 19.4700,<LOD,9.8420,55.5518 , 2.0154,<LOD,0.0000,263.4434 , 214.2955,9.9281 , 2.5377,<LOD,18.1640,34.9551 , 0.8171,<LOD,0.0000,<LOD,12.9006,4558.9404 , 210.3919,<LOD,3.2678,94.7716 , 77.4890,<LOD,10.6223,11.5638 , 2.4995,160.6172 , 5.8035,140.8373 , 2.1817,,,,,
3956,Mining,19.15,19.06,,,,"Fri Mar 7, 2025 - 05:36:52",User,1.5,ppm,,,,,LA 24_18,Mining,77.7147 , 68.3257,2321.2419 , 74.1482,<LOD,51.4288,908853.5000 , 790.4039,210.4573 , 19.8914,<LOD,19.9869,<LOD,106.8503,80.7893 , 54.7354,58.7906 , 8.3967,32905.7227 , 207.1283,<LOD,0.0000,114.1253 , 11.9940,49.9500 , 34.4837,<LOD,3.4099,88.8725 , 2.1492,35.0640 , 10.9541,49680.0195 , 76.0511,<LOD,16.5088,<LOD,9.2122,<LOD,0.0000,326.1010 , 265.2047,74.6525 , 9.1926,616.9741 , 17.3183,<LOD,4.4492,<LOD,0.0000,<LOD,38.6259,4076.2290 , 282.4068,<LOD,7.4715,289.1104 , 113.9081,<LOD,24.0247,<LOD,14.2770,94.5570 , 7.1687,46.0795 , 4.3770,,,,,
3957,Mining,20.39,19.67,,,,"Fri Mar 7, 2025 - 05:38:09",User,1.5,ppm,,,,,LA 24_6,Mining,116.1365 , 102.1437,1280.7701 , 43.8084,<LOD,28.9294,720330.0625 , 2254.8115,68.7813 , 11.5854,<LOD,19.9584,<LOD,218.2780,<LOD,81.2756,215.9984 , 13.2136,263391.1562 , 346.9081,<LOD,0.0000,<LOD,11.4662,<LOD,71.4972,3.4889 , 1.8711,16.5046 , 1.6857,119.0397 , 28.9581,12042.5908 , 43.0829,<LOD,17.3752,3.7299 , 2.1930,<LOD,0.0000,38.4746 , 31.3015,8.1849 , 5.0969,158.2374 , 16.1049,30.1748 , 1.3210,<LOD,0.0000,<LOD,21.0401,1883.8732 , 146.1171,<LOD,4.2844,<LOD,133.9704,<LOD,27.1005,<LOD,7.6287,207.2814 , 9.8382,85.5207 , 2.9454,,,,,
3958,Mining,32.30,19.17,10.95,,,"Fri Mar 7, 2025 - 05:38:59",User,1.5,ppm,,,,,LA 24_6,Mining,59.9405 , 53.8043,451.2314 , 28.9996,<LOD,19.4709,816692.4375 , 1200.4890,23.0775 , 7.7615,28.1074 , 11.3432,<LOD,207.3122,<LOD,24.1459,108.7968 , 10.9685,175479.9844 , 627.4661,<LOD,0.0000,22.3936 , 6.2864,<LOD,88.1140,<LOD,2.3379,3.1057 , 1.2705,46.7126 , 23.6226,4753.0415 , 28.8866,<LOD,14.5876,2.7287 , 1.6165,<LOD,0.0000,111.4605 , 93.3012,<LOD,8.6239,182.4629 , 13.4839,13.4239 , 0.9527,<LOD,0.0000,<LOD,13.9569,618.0135 , 57.6146,<LOD,3.5207,<LOD,29.0805,<LOD,32.5448,<LOD,5.0477,90.8513 , 7.3427,68.2171 , 2.4241,109.8968 , 62.8286,1134.1360 , 135.9751,
3959,Mining,19.75,0.00,,,,"Fri Mar 7, 2025 - 05:39:28",User,1.5,ppm,,,,,LA 24_6,Mining,<LOD,12.5499,822.5614 , 29.0435,<LOD,19.5444,862859.4375 , 936.1236,61.7481 , 7.7867,<LOD,14.4304,<LOD,135.5536,<LOD,59.2870,114.7129 , 7.7938,122155.0938 , 239.3581,<LOD,0.0000,6.2788 , 4.7081,<LOD,50.2620,3.0209 , 1.4909,21.7408 , 1.3405,102.8168 , 13.2467,9451.4258 , 28.5801,<LOD,12.5743,8.1749 , 1.7482,<LOD,0.0000,<LOD,25.6322,<LOD,5.0075,<LOD,16.8150,29.1039 , 0.9395,<LOD,0.0000,<LOD,14.3526,4040.0947 , 185.7394,9.1613 , 2.4506,<LOD,120.8838,<LOD,12.5619,<LOD,5.1399,152.1656 , 6.3758,162.4951 , 2.6064,,,,,
3960,Mining,19.66,19.23,,,,"Fri Mar 7, 2025 - 05:42:31",User,1.5,ppm,,,,,LA 24_12,Mining,<LOD,9.1168,131.2676 , 10.2215,<LOD,7.5827,980374.0000 , 281.0466,8.8120 , 2.9027,<LOD,10.7653,<LOD,47.2927,<LOD,51.2349,62.7282 , 4.9952,14523.9092 , 102.5125,<LOD,0.0000,<LOD,4.8689,<LOD,30.2670,<LOD,1.6144,5.9009 , 0.8276,10.9987 , 5.4379,1781.4293 , 10.0367,<LOD,12.6797,13.5722 , 1.0159,<LOD,0.0000,<LOD,19.0636,<LOD,1.9750,<LOD,12.3728,13.5791 , 0.4832,<LOD,0.0000,<LOD,5.3051,2784.5334 , 193.1493,<LOD,2.0606,<LOD,114.6038,<LOD,7.8597,12.3988 , 1.3788,41.5932 , 3.1213,235.2470 , 2.1096,,,,,
3961,Mining,19.84,19.80,,,,"Fri Mar 7, 2025 - 05:42:59",User,1.5,ppm,,,,,LA 24_12,Mining,<LOD,9.0313,130.6078 , 10.1856,<LOD,7.5421,978176.7500 , 292.3672,10.4918 , 2.9186,<LOD,10.6650,<LOD,49.5000,<LOD,52.9433,61.0211 , 4.9268,16320.7305 , 106.5388,<LOD,0.0000,<LOD,5.6039,<LOD,27.9963,<LOD,1.5812,5.7224 , 0.8200,18.1725 , 5.6757,1800.3981 , 10.0182,<LOD,9.3579,20.5176 , 1.1312,<LOD,0.0000,<LOD,18.8182,<LOD,1.9890,<LOD,12.2104,13.0209 , 0.4748,<LOD,0.0000,<LOD,5.2428,3193.2595 , 196.9052,<LOD,3.1530,<LOD,113.0729,<LOD,8.6012,11.1484 , 1.3737,30.5804 , 2.8600,207.5964 , 1.9819,,,,,
3962,Mining,19.81,19.37,,,,"Fri Mar 7, 2025 - 05:43:27",User,1.5,ppm,,,,,LA 24_12,Mining,<LOD,10.1587,111.0025 , 10.5246,<LOD,8.3531,971622.4375 , 346.3268,6.7045 , 3.0694,54.3180 , 21.7298,<LOD,67.1433,<LOD,59.7014,51.7132 , 5.6257,23837.0566 , 138.1097,<LOD,0.0000,4.3968 , 2.7793,<LOD,34.8158,<LOD,1.5428,<LOD,1.2444,36.0109 , 7.3803,1422.4539 , 10.3082,<LOD,10.2922,44.2380 , 1.6238,<LOD,0.0000,148.2625 , 120.6189,<LOD,2.2288,160.1787 , 9.4771,12.7519 , 0.5377,<LOD,0.0000,<LOD,5.5178,2263.2307 , 202.3647,<LOD,2.1659,90.5254 , 83.0196,<LOD,12.4068,6.9088 , 1.4652,39.0518 , 3.5551,88.7609 , 1.6146,,,,,
3963,Mining,44.84,19.16,23.95,,,"Fri Mar 7, 2025 - 05:45:43",User,1.5,ppm,,,,,LA 24_15,Mining,240.0101 , 215.4124,1951.5997 , 85.0110,<LOD,62.0434,919812.2500 , 689.5720,313.6256 , 23.5438,<LOD,21.4989,<LOD,52.5666,<LOD,7.4468,23.5181 , 7.7841,5196.7329 , 98.0071,<LOD,0.0000,212.3448 , 14.3855,<LOD,92.8981,3.4137 , 2.0923,142.5041 , 2.5357,<LOD,25.8024,65675.4141 , 89.8187,<LOD,18.1584,<LOD,7.1319,<LOD,0.0000,762.6022 , 31.1004,284.4573 , 11.9830,1227.0431 , 20.1575,<LOD,3.0406,<LOD,0.0000,<LOD,46.2793,3261.9407 , 38.0136,<LOD,8.8648,14.9148 , 10.2225,<LOD,23.1376,<LOD,17.7658,135.0579 , 8.2278,<LOD,7.7754,<LOD,76.2329,742.5940 , 54.4191,
3964,Mining,19.94,0.00,,,,"Fri Mar 7, 2025 - 05:46:14",User,1.5,ppm,,,,,LA 24_15,Mining,186.3439 , 163.8827,2088.2751 , 75.3632,<LOD,53.0741,933752.6250 , 648.6520,281.4107 , 20.8614,<LOD,16.7346,<LOD,54.2651,<LOD,139.9740,14.8743 , 7.6281,5976.9214 , 105.9365,<LOD,0.0000,199.6780 , 13.3809,<LOD,75.2147,2.6857 , 1.7485,97.3604 , 2.0764,14.6138 , 10.2256,49600.4766 , 72.3350,<LOD,13.5472,<LOD,5.9579,<LOD,0.0000,1052.5709 , 27.5364,159.1316 , 10.0351,1600.7859 , 18.0085,<LOD,2.5457,<LOD,0.0000,<LOD,40.3059,4716.0117 , 328.0440,<LOD,7.5783,141.7473 , 120.7215,<LOD,30.2875,<LOD,14.6975,114.5244 , 7.7762,<LOD,6.3922,,,,,
3965,Mining,19.91,19.38,,,,"Fri Mar 7, 2025 - 05:46:47",User,1.5,ppm,,,,,LA 24_15,Mining,39.8990 , 35.0982,5456.7368 , 24.9600,249.4156 , 17.1494,980085.3125 , 381.3650,218.4199 , 8.9270,<LOD,11.5272,<LOD,34.5895,<LOD,88.5268,<LOD,0.0000,4187.1372 , 73.9281,839.7378 , 43.4691,507.0537 , 42.2764,<LOD,34.5234,4.4475 , 1.3015,<LOD,1.8090,17.0703 , 7.2645,<LOD,0.0000,<LOD,9.4266,18.1419 , 2.4316,<LOD,123.0178,<LOD,28.1517,254.3887 , 6.1233,<LOD,14.1027,15.7732 , 0.8776,808.1495 , 27.9361,461.5419 , 10.5432,6476.1704 , 307.8270,<LOD,8.7106,<LOD,155.1767,<LOD,13.7088,314.2819 , 3.1276,<LOD,0.0000,46.3468 , 2.1882,,,,,
3966,Mining,19.33,19.43,,,,"Fri Mar 7, 2025 - 05:50:13",User,1.5,ppm,,,,,LA 24_10,Mining,<LOD,10.3222,1619.5865 , 24.8987,<LOD,15.9968,923377.6875 , 528.8862,40.1955 , 6.4568,<LOD,12.0791,<LOD,98.0977,<LOD,49.9800,133.3462 , 7.0587,64494.3242 , 186.7060,<LOD,0.0000,<LOD,5.9793,<LOD,40.1214,<LOD,1.7142,7.9534 , 0.9696,37.3271 , 8.6146,7618.5171 , 22.8511,<LOD,10.0069,17.8140 , 1.4965,<LOD,0.0000,<LOD,21.6703,13.4609 , 2.9208,<LOD,14.0995,11.4420 , 0.6562,<LOD,0.0000,<LOD,11.5719,2319.8525 , 165.4240,<LOD,2.6263,<LOD,107.4351,<LOD,11.1796,<LOD,3.9315,235.5572 , 6.7143,72.9364 , 1.7441,,,,,
3967,Mining,18.79,18.95,,,,"Fri Mar 7, 2025 - 05:50:39",User,1.5,ppm,,,,,LA 24_10,Mining,<LOD,10.5712,1272.1550 , 28.3030,<LOD,18.1758,926912.6250 , 516.6074,43.1760 , 7.2995,<LOD,12.3120,<LOD,98.3277,<LOD,53.7018,134.7657 , 7.3354,58911.8164 , 187.6075,<LOD,0.0000,<LOD,10.6491,<LOD,35.8899,<LOD,1.8663,11.5138 , 1.0320,36.0229 , 8.7638,10313.7842 , 27.0036,<LOD,10.1945,17.4702 , 1.6579,<LOD,0.0000,<LOD,22.2434,10.5865 , 3.2744,<LOD,14.4750,8.5479 , 0.7089,<LOD,0.0000,<LOD,13.4623,1940.9667 , 164.9632,<LOD,3.3268,<LOD,107.7139,<LOD,11.3694,<LOD,4.6763,266.0374 , 7.3021,120.5396 , 2.1649,,,,,
3968,Mining,20.34,19.77,,,,"Fri Mar 7, 2025 - 05:51:09",User,1.5,ppm,,,,,LA 24_10,Mining,<LOD,9.5809,1336.7781 , 21.8978,<LOD,14.4475,936927.9375 , 457.5864,33.4755 , 5.6965,<LOD,11.1535,<LOD,86.5629,<LOD,51.1304,125.5721 , 6.6029,51398.7891 , 166.7711,<LOD,0.0000,9.4979 , 3.8129,<LOD,33.1198,<LOD,1.6699,10.8221 , 0.9568,26.4193 , 7.6998,6451.4731 , 20.0121,<LOD,9.3454,24.4202 , 1.4942,<LOD,0.0000,<LOD,19.9843,18.5595 , 2.7049,<LOD,13.0111,35.9960 , 0.7888,<LOD,0.0000,<LOD,10.2356,3230.6357 , 180.6263,<LOD,3.1548,<LOD,107.1155,<LOD,10.9872,<LOD,3.5814,247.0144 , 6.5483,122.5729 , 1.9218,,,,,
3969,Mining,20.18,19.52,,,,"Fri Mar 7, 2025 - 05:54:09",User,1.5,ppm,,,,,LA 24_21,Mining,133.5558 , 117.4494,1935.6754 , 56.2766,<LOD,35.5260,617502.6250 , 3499.2776,62.8141 , 14.5274,<LOD,23.0150,<LOD,392.8858,<LOD,91.1222,357.3823 , 18.3927,362842.7500 , 409.3914,<LOD,0.0000,30.1414 , 9.9908,<LOD,109.7654,10.6225 , 2.1629,14.5546 , 1.9070,<LOD,64.3734,14793.7822 , 54.7305,<LOD,19.9258,<LOD,4.8093,<LOD,0.0000,102.6606 , 83.5103,<LOD,10.8836,252.9469 , 18.8578,3.9735 , 1.2707,<LOD,0.0000,<LOD,25.7418,1260.6089 , 130.3060,<LOD,4.2484,<LOD,141.0776,43.7693 , 19.4385,<LOD,9.6933,621.0113 , 18.0973,31.1416 , 2.7936,,,,,
3970,Mining,20.02,19.25,,,,"Fri Mar 7, 2025 - 05:54:36",User,1.5,ppm,,,,,LA 24_21,Mining,283.1292 , 248.8530,2687.8601 , 87.1409,<LOD,56.6847,470284.3438 , 6403.1777,123.1700 , 22.9158,<LOD,30.1457,<LOD,413.5378,<LOD,116.4268,481.9574 , 27.2601,501150.2188 , 524.1243,<LOD,0.0000,<LOD,27.0789,<LOD,152.8668,12.3115 , 2.9568,21.4604 , 2.6072,<LOD,127.1695,22143.3047 , 85.0810,<LOD,25.9377,<LOD,5.0397,<LOD,0.0000,289.8890 , 235.6886,<LOD,22.3392,554.5956 , 25.9781,8.7076 , 1.9574,<LOD,0.0000,<LOD,38.9162,1062.6600 , 135.5646,<LOD,6.1871,<LOD,175.8330,<LOD,42.8463,<LOD,14.9853,845.0583 , 26.8776,51.3374 , 4.0874,,,,,
3971,Mining,19.95,19.83,,,,"Fri Mar 7, 2025 - 05:55:01",User,1.5,ppm,,,,,LA 24_21,Mining,228.8967 , 201.2152,2340.3481 , 76.1515,<LOD,50.4269,526263.1250 , 5413.4536,94.3117 , 19.8763,<LOD,28.4419,<LOD,412.8685,<LOD,113.3484,411.8716 , 23.9072,448951.6875 , 498.0420,<LOD,0.0000,<LOD,22.6052,65.5661 , 53.3851,13.2744 , 2.7650,18.7113 , 2.4333,<LOD,91.1219,18921.0664 , 74.3852,<LOD,31.5992,<LOD,4.5298,<LOD,0.0000,252.7332 , 205.5096,<LOD,17.0247,512.1758 , 24.1311,12.2905 , 1.7952,<LOD,0.0000,<LOD,34.7688,1115.9736 , 137.1198,<LOD,6.3449,<LOD,170.5055,<LOD,57.8345,<LOD,13.0862,756.7353 , 24.0040,41.2131 , 3.7230,,,,,
3972,Mining,20.26,19.80,,,,"Fri Mar 7, 2025 - 05:57:36",User,1.5,ppm,,,,,LA 24_27,Mining,63.0435 , 55.4558,707.0352 , 43.9526,<LOD,28.7554,748632.5625 , 1709.9491,73.3974 , 11.5153,<LOD,17.8095,<LOD,193.2468,<LOD,71.8274,399.6736 , 15.0405,231158.2500 , 313.1897,<LOD,0.0000,<LOD,15.3202,<LOD,68.2528,3.3501 , 1.7162,16.3698 , 1.5247,189.2530 , 23.9233,15858.5264 , 44.6369,<LOD,14.9851,4.4651 , 2.2269,<LOD,0.0000,<LOD,32.9527,9.3808 , 5.1139,130.1061 , 14.5507,6.5720 , 1.0634,<LOD,0.0000,<LOD,21.5500,1966.0056 , 143.3216,<LOD,4.2566,<LOD,122.4119,<LOD,20.5155,<LOD,7.8029,716.2021 , 15.1948,65.7928 , 2.6490,,,,,
3973,Mining,20.37,19.70,,,,"Fri Mar 7, 2025 - 05:58:08",User,1.5,ppm,,,,,LA 24_27,Mining,39.2626 , 34.5384,685.2133 , 40.0216,<LOD,25.1240,762908.6875 , 1648.0237,49.8063 , 10.3764,<LOD,16.9659,<LOD,192.1947,<LOD,73.6437,332.5352 , 14.0296,220883.2344 , 314.1803,<LOD,0.0000,<LOD,15.1398,<LOD,80.7699,<LOD,2.9488,10.7195 , 1.4443,146.3966 , 23.2513,12772.5068 , 40.4174,<LOD,14.0460,8.8137 , 2.1505,<LOD,0.0000,<LOD,31.1717,<LOD,9.5802,90.4150 , 13.8063,5.5863 , 0.9770,<LOD,0.0000,<LOD,19.4920,1409.8893 , 134.8431,<LOD,4.0894,<LOD,120.1094,<LOD,19.6317,<LOD,7.1266,601.1653 , 14.0801,55.7255 , 2.4427,,,,,
3974,Mining,19.18,18.98,,,,"Fri Mar 7, 2025 - 05:58:37",User,1.5,ppm,,,,,LA 24_27,Mining,20.0908 , 17.6739,540.6179 , 35.9814,<LOD,23.9895,803549.8750 , 1329.8556,55.1616 , 9.4807,<LOD,16.2897,<LOD,174.2945,<LOD,67.7583,326.8324 , 13.2408,181047.1094 , 293.6143,<LOD,0.0000,<LOD,13.5266,<LOD,56.7537,<LOD,3.0226,11.8117 , 1.3843,176.7264 , 19.4408,11344.6318 , 36.4253,<LOD,13.5133,14.0682 , 2.0806,<LOD,0.0000,<LOD,29.8418,<LOD,6.2938,40.9503 , 13.1290,8.4942 , 0.9302,<LOD,0.0000,<LOD,17.7840,2238.4951 , 157.0303,<LOD,3.7275,<LOD,121.2645,<LOD,17.2535,<LOD,6.4233,533.6429 , 12.7293,91.4838 , 2.5738,,,,,
3975,Mining,19.18,18.97,,,,"Fri Mar 7, 2025 - 05:59:27",User,1.5,ppm,,,,,LA 24_20,Mining,99.9009 , 87.8361,1484.2771 , 50.7028,<LOD,34.6631,960262.6875 , 421.8534,231.1887 , 14.1359,<LOD,16.5256,<LOD,35.8861,<LOD,69.0453,15.0826 , 5.7756,3658.8752 , 73.1036,<LOD,0.0000,117.8913 , 9.0372,<LOD,65.1557,<LOD,3.2762,50.9897 , 1.4983,<LOD,13.8173,29572.8203 , 49.3201,<LOD,14.3333,<LOD,6.5511,<LOD,0.0000,267.5274 , 217.5807,50.4396 , 6.2688,487.1837 , 13.8841,<LOD,1.6969,<LOD,0.0000,<LOD,26.3502,3550.0479 , 265.4016,<LOD,5.1005,<LOD,154.5808,28.7880 , 9.9259,<LOD,9.1179,105.6568 , 6.1282,16.6420 , 2.6992,,,,,
3976,Mining,19.81,19.54,,,,"Fri Mar 7, 2025 - 05:59:56",User,1.5,ppm,,,,,LA 24_20,Mining,125.4479 , 110.2804,1961.6073 , 57.3113,<LOD,38.7771,949221.9375 , 497.7674,323.4481 , 16.2621,<LOD,17.5658,<LOD,39.3991,<LOD,75.4238,20.0728 , 6.0785,4102.9839 , 76.7801,<LOD,0.0000,152.5866 , 10.0811,<LOD,44.1782,4.0239 , 1.6255,67.5801 , 1.6805,<LOD,12.3879,38282.8633 , 57.4947,<LOD,15.1653,<LOD,4.5836,<LOD,0.0000,343.8641 , 279.6213,62.2920 , 7.0321,638.4230 , 15.0764,<LOD,1.9197,<LOD,0.0000,<LOD,30.4681,4547.6128 , 283.9334,<LOD,5.9048,<LOD,202.6241,<LOD,18.8134,<LOD,10.7365,136.0815 , 6.7594,9.1582 , 3.1382,,,,,
3977,Mining,19.19,19.01,,,,"Fri Mar 7, 2025 - 06:00:21",User,1.5,ppm,,,,,LA 24_20,Mining,<LOD,8.3454,452.9406 , 16.9762,<LOD,11.4215,989614.5000 , 187.7289,49.8569 , 4.7556,<LOD,9.9101,<LOD,23.7999,<LOD,45.0448,<LOD,5.9042,3694.3406 , 55.1077,<LOD,0.0000,59.4418 , 3.9887,<LOD,25.7172,2.2270 , 0.9099,11.4977 , 0.8119,<LOD,9.9611,5283.9980 , 16.2186,<LOD,8.7215,4.0474 , 1.0008,<LOD,0.0000,<LOD,17.2332,12.0402 , 2.1429,<LOD,11.1966,3.7283 , 0.4575,<LOD,0.0000,<LOD,8.4609,707.7671 , 147.6727,<LOD,2.2655,<LOD,91.0524,<LOD,8.5157,<LOD,2.7622,91.2827 , 3.9876,12.3377 , 0.9803,,,,,
3978,Mining,19.38,19.22,,,,"Fri Mar 7, 2025 - 06:03:45",User,1.5,ppm,,,,,LA 24_29,Mining,<LOD,13.5868,687.8370 , 36.7040,<LOD,23.3314,814052.2500 , 1163.7609,52.6388 , 9.5038,<LOD,15.4452,<LOD,161.1554,<LOD,64.6748,776.0862 , 17.7568,168204.5000 , 273.3492,<LOD,0.0000,<LOD,8.2742,<LOD,64.5876,2.5609 , 1.5228,15.4331 , 1.3470,144.0722 , 17.3938,13443.5439 , 37.0250,<LOD,12.8217,8.6752 , 1.9464,<LOD,0.0000,<LOD,27.9626,<LOD,6.1464,<LOD,18.4296,4.3564 , 0.8794,<LOD,0.0000,<LOD,18.0492,1949.9801 , 145.9551,<LOD,3.6021,<LOD,116.4180,<LOD,16.9554,<LOD,6.4563,586.6688 , 12.5533,71.3376 , 2.3614,,,,,
3979,Mining,19.95,19.72,,,,"Fri Mar 7, 2025 - 06:04:13",User,1.5,ppm,,,,,LA 24_29,Mining,58.9798 , 51.8815,835.4650 , 49.3804,<LOD,31.9992,750875.0625 , 1799.0571,48.0361 , 12.5120,<LOD,18.2988,<LOD,199.6718,<LOD,76.7126,1094.0294 , 23.8705,225813.4688 , 325.1240,<LOD,0.0000,<LOD,10.8877,<LOD,54.8541,<LOD,3.9448,19.9944 , 1.5872,168.8707 , 24.2617,18793.5117 , 49.8833,<LOD,15.4118,<LOD,5.7292,<LOD,0.0000,<LOD,33.7447,<LOD,8.3474,127.2163 , 14.8796,<LOD,1.7855,<LOD,0.0000,<LOD,24.0641,1226.5743 , 133.9930,<LOD,4.2621,<LOD,121.2357,<LOD,21.9232,<LOD,8.6868,898.8951 , 17.5988,39.8432 , 2.6675,,,,,
3980,Mining,19.71,19.44,,,,"Fri Mar 7, 2025 - 06:04:40",User,1.5,ppm,,,,,LA 24_29,Mining,38.5904 , 33.9471,1881.8350 , 61.5026,<LOD,39.6472,774350.5000 , 1647.3516,106.2322 , 15.8612,<LOD,18.8031,<LOD,196.2296,<LOD,77.5319,807.5428 , 20.9274,191082.0000 , 326.8968,<LOD,0.0000,<LOD,13.0796,<LOD,92.3907,3.1297 , 1.8427,44.4617 , 1.7729,150.6216 , 21.7256,28587.0547 , 60.8863,<LOD,15.7342,<LOD,4.3379,<LOD,0.0000,<LOD,34.5316,<LOD,10.2041,64.1904 , 15.1770,<LOD,1.9294,<LOD,0.0000,<LOD,30.3396,2192.0061 , 166.3055,<LOD,6.7102,<LOD,136.7921,<LOD,22.2698,<LOD,10.3657,654.6822 , 15.3161,37.1575 , 3.1746,,,,,
3981,Mining,19.66,19.57,,,,"Fri Mar 7, 2025 - 06:05:37",User,1.5,ppm,,,,,LA 24_23,Mining,183.9957 , 161.7418,2001.9060 , 69.0288,<LOD,44.4703,620952.4375 , 3561.7371,93.3729 , 17.8732,<LOD,24.9102,<LOD,276.3394,<LOD,96.5079,473.3356 , 21.4346,352025.6562 , 418.6849,<LOD,0.0000,45.9295 , 11.6177,54.4289 , 46.2063,8.7157 , 2.3306,7.9400 , 2.1009,137.1352 , 42.3554,21849.9707 , 68.3048,<LOD,21.3576,<LOD,4.8272,<LOD,0.0000,311.4362 , 253.2399,18.5036 , 7.9059,542.6622 , 21.0670,<LOD,2.9476,<LOD,0.0000,<LOD,32.9318,896.9272 , 131.5588,<LOD,6.5049,<LOD,147.2727,<LOD,31.1545,<LOD,12.5682,368.9761 , 15.2038,26.6728 , 3.3425,,,,,
3982,Mining,20.51,19.87,,,,"Fri Mar 7, 2025 - 06:06:03",User,1.5,ppm,,,,,LA 24_23,Mining,229.3395 , 201.5473,2431.7961 , 74.8767,<LOD,48.4003,577975.3750 , 4196.0737,135.1346 , 19.7383,<LOD,25.6645,<LOD,289.8397,<LOD,99.8066,554.2614 , 23.6395,391826.7188 , 434.7521,<LOD,0.0000,41.9527 , 12.3730,<LOD,107.6007,12.8667 , 2.5020,9.8304 , 2.2662,126.4079 , 47.1247,24092.2305 , 73.6721,<LOD,22.1319,13.0227 , 3.6833,<LOD,0.0000,439.5919 , 357.3521,23.0738 , 8.5805,760.9494 , 22.4129,<LOD,2.4210,<LOD,0.0000,<LOD,35.5907,833.2125 , 127.0230,<LOD,6.5139,<LOD,148.7477,<LOD,30.9340,<LOD,16.5492,445.5278 , 17.0167,48.7681 , 3.7423,,,,,
3983,Mining,19.26,19.30,,,,"Fri Mar 7, 2025 - 06:06:31",User,1.5,ppm,,,,,LA 24_23,Mining,231.1874 , 203.1800,2248.3987 , 77.2770,<LOD,51.0274,584146.3125 , 4238.1035,126.4851 , 20.2784,<LOD,26.6767,<LOD,298.1690,<LOD,107.9518,553.7667 , 24.4176,385598.5625 , 448.9036,<LOD,0.0000,22.8801 , 12.2932,<LOD,102.7078,9.9647 , 2.5051,13.2559 , 2.3527,173.7065 , 48.0886,24310.9551 , 76.3653,<LOD,22.8388,<LOD,5.1988,<LOD,0.0000,409.0341 , 332.5254,19.6497 , 8.9377,718.5721 , 23.0315,<LOD,2.4932,<LOD,0.0000,<LOD,37.0119,939.5195 , 134.7674,<LOD,6.3303,<LOD,159.7327,<LOD,31.6905,<LOD,14.1600,443.2051 , 17.5126,34.5218 , 3.7561,,,,,
3984,Mining,19.39,19.23,,,,"Fri Mar 7, 2025 - 06:33:36",User,1.5,ppm,,,,,test,Mining,<LOD,11.3741,<LOD,3.7160,<LOD,5.7837,862313.3125 , 896.2344,<LOD,2.2957,<LOD,13.2063,<LOD,132.1337,7682.3159 , 118.5870,12.9872 , 6.9679,125348.7422 , 228.5323,<LOD,0.0000,<LOD,3.0604,3016.9497 , 77.3473,<LOD,1.6739,<LOD,1.3621,1436.9935 , 28.5631,23.2165 , 1.8595,<LOD,11.2220,<LOD,1.1576,<LOD,0.0000,<LOD,23.3505,<LOD,1.5170,<LOD,15.2176,22.9615 , 0.6431,<LOD,0.0000,<LOD,1.3979,<LOD,252.6777,<LOD,2.1343,<LOD,108.3915,<LOD,0.0000,1.7586 , 0.7457,135.1277 , 5.6199,5.6215 , 0.8700,,,,,
3985,Mining,19.39,19.23,,,,"Fri Mar 7, 2025 - 06:33:36",User,1.5,ppm,,,,,test,Mining,<LOD,11.3741,<LOD,3.7160,<LOD,5.7837,862313.3125 , 896.2344,<LOD,2.2957,<LOD,13.2063,<LOD,132.1337,7682.3159 , 118.5870,12.9872 , 6.9679,125348.7422 , 228.5323,<LOD,0.0000,<LOD,3.0604,3016.9497 , 77.3473,<LOD,1.6739,<LOD,1.3621,1436.9935 , 28.5631,23.2165 , 1.8595,<LOD,11.2220,<LOD,1.1576,<LOD,0.0000,<LOD,23.3505,<LOD,1.5170,<LOD,15.2176,22.9615 , 0.6431,<LOD,0.0000,<LOD,1.3979,<LOD,252.6777,<LOD,2.1343,<LOD,108.3915,<LOD,0.0000,1.7586 , 0.7457,135.1277 , 5.6199,5.6215 , 0.8700,,,,,
3986,Mining,3.50,3.08,,,,"Fri Mar 7, 2025 - 06:46:31",User,1.5,ppm,,,,,test,Mining,215.8390 , 189.8134,2275.8708 , 328.9459,<LOD,226.5316,430439.9375 , 27489.5977,<LOD,169.6271,<LOD,135.4960,<LOD,1633.5478,<LOD,541.5207,294.1919 , 108.8669,552148.6875 , 2420.2439,<LOD,0.0000,<LOD,65.5760,<LOD,503.4041,<LOD,22.1959,<LOD,24.1013,<LOD,746.8597,13761.1523 , 315.5642,<LOD,114.2562,30.5130 , 20.1141,<LOD,0.0000,<LOD,388.7537,<LOD,78.7814,508.1323 , 116.5023,19.3592 , 8.3630,<LOD,0.0000,<LOD,147.6519,<LOD,1376.7153,<LOD,42.8841,<LOD,798.7006,<LOD,164.4223,<LOD,53.4563,306.3253 , 81.4863,<LOD,30.6043,,,,,
3987,Mining,3.66,3.42,,,,"Fri Mar 7, 2025 - 06:47:29",User,1.5,ppm,,,,,test,Mining,<LOD,159.2873,<LOD,1571.5034,<LOD,180.3001,<LOD,1249395.0000,<LOD,45.1742,<LOD,69.8600,<LOD,3362.0156,<LOD,316.1900,<LOD,422.3172,<LOD,1230472.3125,<LOD,0.0000,<LOD,36.5115,<LOD,1224.8405,<LOD,17.2614,<LOD,8.0463,<LOD,222.4324,5718.0264 , 4053.8486,<LOD,104.6210,<LOD,35.1197,<LOD,0.0000,<LOD,209.2825,<LOD,29.3092,<LOD,163.3157,<LOD,9.6439,<LOD,0.0000,<LOD,164.1431,<LOD,1496.9070,<LOD,23.2946,<LOD,2109.1917,<LOD,132.2166,<LOD,27.3384,<LOD,249.9388,<LOD,18.7459,,,,,
3988,Mining,1.70,1.52,,,,"Fri Mar 7, 2025 - 06:48:12",User,1.5,ppm,,,,,test,Mining,<LOD,393.9706,2926.6191 , 770.6444,<LOD,308.3023,516651.2188 , 43674.0820,<LOD,305.9505,<LOD,286.7323,<LOD,5285.4803,<LOD,1530.3292,492.9754 , 265.3619,464316.0000 , 5284.6328,<LOD,0.0000,<LOD,162.2231,<LOD,894.6010,<LOD,62.6488,<LOD,48.1347,<LOD,974.8869,15613.1895 , 729.1871,<LOD,250.8145,<LOD,41.3961,<LOD,0.0000,<LOD,659.6588,<LOD,182.6006,<LOD,538.0777,<LOD,30.0617,<LOD,0.0000,<LOD,447.3701,<LOD,1808.8845,<LOD,115.4281,<LOD,1303.3682,<LOD,713.7731,<LOD,120.6758,<LOD,349.3186,<LOD,48.7589,,,,,
3989,Mining,1.52,1.38,,,,"Fri Mar 7, 2025 - 06:48:41",User,1.5,ppm,,,,,test,Mining,237.1860 , 208.5791,2114.2837 , 805.2152,<LOD,532.9356,462231.2500 , 46932.8164,<LOD,412.7258,<LOD,282.5891,<LOD,5399.5247,<LOD,839.1888,<LOD,597.8786,517020.5938 , 5859.9155,<LOD,0.0000,<LOD,248.9317,<LOD,1413.1126,<LOD,35.3452,<LOD,31.5915,<LOD,1089.7137,18396.6543 , 791.1983,<LOD,231.5484,<LOD,45.5881,<LOD,0.0000,<LOD,898.4515,<LOD,147.1553,<LOD,596.3041,<LOD,26.5688,<LOD,0.0000,<LOD,369.4858,<LOD,5720.9037,<LOD,39.4787,<LOD,2073.6064,<LOD,334.3488,<LOD,139.0957,<LOD,234.8709,<LOD,53.4121,,,,,
3990,Mining,2.50,2.11,,,,"Fri Mar 7, 2025 - 06:51:53",User,1.5,ppm,,,,,la_24_25,Mining,409.3372 , 359.8657,8532.4902 , 1011.4268,<LOD,647.0892,518947.4375 , 38957.5703,<LOD,478.5774,<LOD,399.6559,<LOD,2847.6504,<LOD,1004.5742,1187.4502 , 311.7946,418710.1875 , 4362.1831,<LOD,0.0000,<LOD,430.3604,<LOD,596.8473,62.2451 , 32.0047,<LOD,51.0164,<LOD,1029.2157,46504.7422 , 952.7480,<LOD,217.8763,<LOD,100.0037,<LOD,0.0000,1140.4971 , 376.1805,<LOD,210.8139,1880.8495 , 251.9852,<LOD,34.0605,<LOD,0.0000,<LOD,472.9595,1872.2819 , 1401.3394,<LOD,97.2030,<LOD,1474.3788,<LOD,424.7679,<LOD,179.2603,752.4933 , 206.8745,<LOD,86.9203,,,,,
3991,Mining,5.51,5.11,,,,"Fri Mar 7, 2025 - 06:52:18",User,1.5,ppm,,,,,la_24_25,Mining,307.1160 , 269.9330,2115.3396 , 264.0395,<LOD,167.2107,394248.4688 , 21834.5039,145.3394 , 71.5331,<LOD,95.7458,<LOD,1322.1945,<LOD,477.8145,542.8385 , 92.3237,580138.0625 , 1718.9094,<LOD,0.0000,<LOD,64.8191,<LOD,465.8659,<LOD,17.4553,17.5777 , 8.3498,<LOD,382.4178,20157.8906 , 261.7470,<LOD,80.8834,<LOD,33.5084,<LOD,0.0000,270.9819 , 220.3142,<LOD,66.9517,1090.5857 , 88.0831,<LOD,14.0058,<LOD,0.0000,<LOD,128.3379,717.4227 , 369.2721,<LOD,22.3011,<LOD,510.6655,<LOD,152.7473,<LOD,45.3836,225.9956 , 52.1425,22.3918 , 12.8255,,,,,
3992,Mining,3.77,3.79,,,,"Fri Mar 7, 2025 - 06:52:41",User,1.5,ppm,,,,,la_24_25,Mining,<LOD,152.4668,<LOD,3567.3816,<LOD,113.4313,<LOD,1053100.4062,<LOD,16.3988,<LOD,18.8160,<LOD,2808.4623,<LOD,68.2906,<LOD,333.9107,<LOD,930089.9062,<LOD,0.0000,<LOD,13.5131,<LOD,660.3514,<LOD,14.1016,<LOD,3.9548,<LOD,42.3122,<LOD,11611.6663,<LOD,53.3809,<LOD,22.0440,<LOD,0.0000,<LOD,36.5334,<LOD,9.9694,<LOD,76.5208,<LOD,5.1984,<LOD,0.0000,<LOD,78.3294,<LOD,82096.3359,<LOD,5.2936,<LOD,1589.7014,<LOD,36.7498,<LOD,7.2784,<LOD,240.5848,<LOD,15.1861,,,,,
3993,Mining,3.77,3.79,,,,"Fri Mar 7, 2025 - 06:52:41",User,1.5,ppm,,,,,la_24_25,Mining,<LOD,152.4668,<LOD,3567.3816,<LOD,113.4313,<LOD,1053100.4062,<LOD,16.3988,<LOD,18.8160,<LOD,2808.4623,<LOD,68.2906,<LOD,333.9107,<LOD,930089.9062,<LOD,0.0000,<LOD,13.5131,<LOD,660.3514,<LOD,14.1016,<LOD,3.9548,<LOD,42.3122,<LOD,11611.6663,<LOD,53.3809,<LOD,22.0440,<LOD,0.0000,<LOD,36.5334,<LOD,9.9694,<LOD,76.5208,<LOD,5.1984,<LOD,0.0000,<LOD,78.3294,<LOD,82096.3359,<LOD,5.2936,<LOD,1589.7014,<LOD,36.7498,<LOD,7.2784,<LOD,240.5848,<LOD,15.1861,,,,,
3994,Mining,7.04,7.06,,,,"Fri Mar 7, 2025 - 06:53:07",User,1.5,ppm,,,,,la_24_25,Mining,184.2267 , 162.0213,1660.8080 , 118.4843,<LOD,78.0961,558361.0625 , 8966.4951,72.0238 , 31.5233,<LOD,51.5611,<LOD,629.3473,<LOD,207.7552,1456.1556 , 78.4643,425562.2812 , 955.3209,<LOD,0.0000,<LOD,29.6111,<LOD,286.1355,<LOD,12.2174,15.8851 , 4.2020,193.3142 , 112.3009,11683.1709 , 114.9737,<LOD,44.0547,7.8543 , 5.5154,<LOD,0.0000,<LOD,144.7942,<LOD,25.7407,165.5388 , 42.7283,7.9119 , 2.8245,<LOD,0.0000,<LOD,51.7772,393.3704 , 235.4954,<LOD,8.6307,<LOD,318.7581,<LOD,67.4907,<LOD,19.3744,189.5932 , 27.9656,46.7579 , 6.2394,,,,,
3995,Mining,4.59,4.10,,,,"Fri Mar 7, 2025 - 06:54:33",User,1.5,ppm,,,,,la_24_2,Mining,<LOD,48.1505,428.1567 , 99.9875,<LOD,66.3125,956059.7500 , 1936.0109,<LOD,57.2646,<LOD,62.9793,<LOD,312.7194,<LOD,457.8342,181.6224 , 35.4238,30081.5938 , 661.6150,<LOD,0.0000,30.7753 , 18.9769,<LOD,230.3383,<LOD,9.0110,34.6758 , 5.6587,95.6366 , 36.9882,7354.7822 , 98.4364,<LOD,55.1632,19.4450 , 7.0637,<LOD,0.0000,182.0211 , 148.0816,<LOD,17.2497,<LOD,92.7380,39.8757 , 3.8774,<LOD,0.0000,<LOD,46.4913,5112.3071 , 1060.6149,<LOD,18.7027,<LOD,584.6323,<LOD,45.2546,<LOD,25.1876,68.8872 , 19.0744,310.5340 , 12.7141,,,,,
3996,Mining,3.55,3.57,,,,"Fri Mar 7, 2025 - 06:54:59",User,1.5,ppm,,,,,la_24_2,Mining,171.7699 , 151.0690,1248.7760 , 379.3132,<LOD,226.0522,612146.5625 , 22572.9180,<LOD,140.4174,<LOD,166.9650,2307.2395 , 1366.0365,<LOD,1330.9291,417.5362 , 147.7100,371836.3438 , 3347.5349,<LOD,0.0000,<LOD,86.0216,<LOD,815.0659,<LOD,35.8808,<LOD,17.9842,<LOD,265.0233,11561.6914 , 375.2421,<LOD,142.5943,<LOD,37.8784,<LOD,0.0000,<LOD,310.5638,<LOD,103.7957,<LOD,233.9720,42.7836 , 12.5901,<LOD,0.0000,<LOD,169.8455,<LOD,3637.6772,<LOD,35.0942,<LOD,1909.2968,<LOD,140.4584,<LOD,64.6507,267.2824 , 97.4035,<LOD,42.1944,,,,,
3997,Mining,3.78,3.18,,,,"Fri Mar 7, 2025 - 06:55:32",User,1.5,ppm,,,,,la_24_2,Mining,<LOD,204.1119,<LOD,925.7914,<LOD,82.7595,<LOD,1546533.0938,<LOD,21.4910,<LOD,41.1844,<LOD,7915.6304,<LOD,150.6475,<LOD,85.6768,<LOD,1465301.5312,<LOD,0.0000,<LOD,31.3767,<LOD,681.8312,<LOD,12.1953,<LOD,6.5381,<LOD,73.0633,1517.3713 , 1339.9467,<LOD,75.7716,<LOD,20.5305,<LOD,0.0000,<LOD,101.8704,<LOD,8.5985,<LOD,109.7546,<LOD,12.6624,<LOD,0.0000,<LOD,65.1596,<LOD,30770.4404,<LOD,9.7240,<LOD,1685.4067,<LOD,0.0000,<LOD,7.8716,<LOD,326.8668,<LOD,10.9263,,,,,
3998,Mining,3.72,3.54,,,,"Fri Mar 7, 2025 - 06:55:49",User,1.5,ppm,,,,,la_24_2,Mining,360.5318 , 316.9842,1482.6378 , 387.5431,<LOD,179.5674,492841.3438 , 36789.7305,<LOD,133.5515,<LOD,229.7349,<LOD,4035.2805,<LOD,844.3697,<LOD,297.4429,497182.6875 , 3921.1685,<LOD,0.0000,<LOD,106.8635,<LOD,1121.5889,<LOD,28.3319,<LOD,42.7085,<LOD,755.4904,7583.4614 , 368.0526,<LOD,215.6570,<LOD,15.1152,<LOD,0.0000,<LOD,593.6143,71.5586 , 51.9769,<LOD,283.1646,40.0213 , 13.8337,<LOD,0.0000,<LOD,233.8132,<LOD,1686.3864,<LOD,60.7831,<LOD,902.6290,<LOD,312.9803,<LOD,64.4773,437.7622 , 143.4383,<LOD,31.0148,,,,,
3999,Mining,3.72,3.54,,,,"Fri Mar 7, 2025 - 06:55:49",User,1.5,ppm,,,,,la_24_2,Mining,360.5318 , 316.9842,1482.6378 , 387.5431,<LOD,179.5674,492841.3438 , 36789.7305,<LOD,133.5515,<LOD,229.7349,<LOD,4035.2805,<LOD,844.3697,<LOD,297.4429,497182.6875 , 3921.1685,<LOD,0.0000,<LOD,106.8635,<LOD,1121.5889,<LOD,28.3319,<LOD,42.7085,<LOD,755.4904,7583.4614 , 368.0526,<LOD,215.6570,<LOD,15.1152,<LOD,0.0000,<LOD,593.6143,71.5586 , 51.9769,<LOD,283.1646,40.0213 , 13.8337,<LOD,0.0000,<LOD,233.8132,<LOD,1686.3864,<LOD,60.7831,<LOD,902.6290,<LOD,312.9803,<LOD,64.4773,437.7622 , 143.4383,<LOD,31.0148,,,,,
4000,Mining,5.86,5.08,,,,"Fri Mar 7, 2025 - 06:58:09",User,1.5,ppm,,,,,la_24_14,Mining,<LOD,22.9538,206.2784 , 29.4607,<LOD,22.3908,969509.7500 , 833.3185,18.2344 , 8.7730,<LOD,27.3182,<LOD,174.6748,<LOD,139.3695,66.2914 , 14.4276,26716.4160 , 354.7775,<LOD,0.0000,<LOD,15.6937,<LOD,110.5507,<LOD,4.0731,6.9807 , 2.2834,<LOD,33.7948,1751.9602 , 28.1502,<LOD,22.8689,11.8870 , 2.8191,<LOD,0.0000,<LOD,48.3054,5.8774 , 4.2764,<LOD,30.9090,12.3901 , 1.3292,<LOD,0.0000,<LOD,15.0137,1534.5306 , 439.8218,<LOD,6.2694,<LOD,406.6676,<LOD,24.4471,<LOD,8.8832,42.5490 , 8.9086,116.8443 , 4.4487,,,,,
4001,Mining,7.30,7.15,,,,"Fri Mar 7, 2025 - 06:58:52",User,1.5,ppm,,,,,la_24_14,Mining,<LOD,9.9977,29.0613 , 7.4852,<LOD,6.0489,995986.3750 , 176.4806,<LOD,3.3128,<LOD,12.0751,<LOD,34.7344,<LOD,43.5858,<LOD,5.5881,3419.1082 , 78.1595,<LOD,0.0000,<LOD,2.6785,<LOD,27.5519,3.1275 , 1.2629,6.2563 , 1.0903,<LOD,7.8669,474.3158 , 7.4370,<LOD,10.1457,1.3781 , 0.9604,<LOD,0.0000,<LOD,20.3327,<LOD,1.7068,<LOD,13.0600,2.9187 , 0.4417,<LOD,0.0000,<LOD,3.7663,<LOD,198.9345,3.2433 , 1.6484,<LOD,85.7504,<LOD,0.0000,<LOD,2.7705,60.6614 , 4.7140,13.5230 , 1.0709,,,,,
4002,Mining,6.64,6.49,,,,"Fri Mar 7, 2025 - 06:59:28",User,1.5,ppm,,,,,la_24_14,Mining,<LOD,13.3507,<LOD,4.8872,<LOD,6.0133,960391.6875 , 1004.6947,<LOD,2.3574,<LOD,16.3095,<LOD,18.6818,<LOD,81.9780,<LOD,6.7305,603.2821 , 44.2946,<LOD,0.0000,<LOD,3.2204,<LOD,40.9018,<LOD,2.0497,<LOD,1.6198,<LOD,10.4348,53.5937 , 3.4079,<LOD,13.4009,<LOD,1.3071,<LOD,0.0000,<LOD,28.1198,<LOD,1.6300,<LOD,18.2053,<LOD,0.6285,<LOD,0.0000,<LOD,3.2744,38951.3945 , 840.2547,<LOD,2.3446,<LOD,369.1151,<LOD,0.0000,<LOD,1.2752,<LOD,4.2335,<LOD,1.3500,,,,,
4003,Mining,6.68,6.07,,,,"Fri Mar 7, 2025 - 07:00:17",User,1.5,ppm,,,,,la_24_14,Mining,<LOD,17.4174,195.2782 , 20.7733,<LOD,16.0692,973818.8125 , 588.7414,12.3395 , 5.9722,<LOD,20.7195,<LOD,113.2076,<LOD,92.5386,62.1349 , 9.8535,22293.1191 , 243.7475,<LOD,0.0000,<LOD,6.2103,<LOD,57.1949,<LOD,4.6000,8.5897 , 1.7075,<LOD,26.0585,1745.2308 , 20.0351,<LOD,18.0609,10.3372 , 1.9430,<LOD,0.0000,<LOD,36.1287,<LOD,7.1725,<LOD,23.2523,10.7884 , 0.9072,<LOD,0.0000,<LOD,10.4931,1660.2175 , 327.6033,<LOD,5.1310,<LOD,254.6688,<LOD,16.5781,10.8509 , 2.7071,74.8660 , 7.5260,97.4508 , 2.9453,,,,,
4004,Mining,5.01,4.24,,,,"Fri Mar 7, 2025 - 07:02:07",User,1.5,ppm,,,,,la_24_13,Mining,<LOD,23.4814,113.1758 , 13.0398,<LOD,13.0131,979968.5625 , 1076.7738,<LOD,6.1702,<LOD,28.3547,<LOD,105.7399,<LOD,124.3158,<LOD,29.4214,8368.4229 , 246.0546,<LOD,0.0000,<LOD,7.6347,<LOD,71.7781,<LOD,3.7161,<LOD,3.1509,24.3895 , 16.1466,167.4133 , 9.8724,<LOD,22.8908,<LOD,4.0741,<LOD,0.0000,<LOD,50.5905,<LOD,3.7356,<LOD,32.7069,<LOD,2.1487,<LOD,0.0000,<LOD,7.8335,11247.9951 , 920.8226,<LOD,4.1629,<LOD,446.2406,<LOD,0.0000,5.8491 , 2.1951,55.1222 , 10.1330,49.0469 , 3.2613,,,,,
4005,Mining,5.33,4.59,,,,"Fri Mar 7, 2025 - 07:02:42",User,1.5,ppm,,,,,la_24_13,Mining,41.0391 , 36.0913,687.9183 , 72.6282,<LOD,48.7066,868323.1250 , 2759.4470,61.4797 , 20.4750,68.5175 , 31.1563,<LOD,409.5328,<LOD,185.4794,184.9061 , 27.8004,120496.9922 , 724.1449,<LOD,0.0000,<LOD,18.5006,<LOD,149.0911,<LOD,6.9768,11.8045 , 3.8841,134.0057 , 42.2792,6119.3398 , 70.8670,<LOD,40.3297,67.9570 , 7.3673,<LOD,0.0000,177.3739 , 144.2923,12.8558 , 9.1699,279.2266 , 36.9003,173.2737 , 5.1666,<LOD,0.0000,<LOD,37.8901,2862.5615 , 516.8039,<LOD,14.3153,<LOD,421.0810,<LOD,53.4642,28.2161 , 9.2749,117.2535 , 17.6605,152.1724 , 7.9251,,,,,
4006,Mining,8.57,7.84,,,,"Fri Mar 7, 2025 - 07:03:28",User,1.5,ppm,,,,,la_24_13,Mining,<LOD,23.0592,47.6412 , 13.4172,<LOD,19.9319,986665.1875 , 650.6935,<LOD,7.4319,<LOD,34.7321,<LOD,115.5049,<LOD,155.8492,<LOD,26.1521,10812.7246 , 248.3714,<LOD,0.0000,<LOD,10.1111,<LOD,114.9873,<LOD,3.7136,<LOD,2.7720,44.5050 , 19.4203,307.6962 , 12.6089,<LOD,22.3568,<LOD,4.7289,<LOD,0.0000,181.9665 , 148.0372,<LOD,4.6809,224.6538 , 22.2226,4.6566 , 1.0542,<LOD,0.0000,<LOD,7.4740,1630.1954 , 510.7889,<LOD,5.3223,<LOD,299.6875,<LOD,0.0000,<LOD,5.0307,21.2411 , 8.0677,59.5600 , 3.3897,,,,,
4007,Mining,5.47,5.61,,,,"Fri Mar 7, 2025 - 07:04:26",User,1.5,ppm,,,,,la_24_13,Mining,<LOD,19.6084,60.8203 , 14.7266,<LOD,12.9097,988275.3750 , 509.4735,<LOD,6.6445,<LOD,23.6044,<LOD,97.1319,<LOD,113.2287,24.1326 , 9.5340,10230.6787 , 220.3316,<LOD,0.0000,<LOD,6.0891,<LOD,60.5108,7.2643 , 2.3891,6.7668 , 1.9441,<LOD,16.0225,576.3871 , 14.2583,<LOD,20.5763,11.0220 , 2.1380,<LOD,0.0000,<LOD,40.1586,<LOD,4.0929,<LOD,25.9107,11.6959 , 1.0497,<LOD,0.0000,<LOD,7.2659,660.5560 , 361.8664,<LOD,4.1472,<LOD,201.7196,<LOD,15.2784,6.2514 , 2.2696,77.3627 , 9.1242,51.6617 , 2.7412,,,,,
4008,Mining,2.66,2.23,,,,"Fri Mar 7, 2025 - 07:06:16",User,1.5,ppm,,,,,la_24_19,Mining,132.4267 , 116.4749,22133.8945 , 392.6819,793.1960 , 227.7577,939133.1250 , 5128.5186,670.9452 , 131.7642,<LOD,212.4854,<LOD,457.2774,<LOD,473.2308,<LOD,0.0000,14933.1084 , 1000.8940,3004.6416 , 633.5080,974.8281 , 633.4746,<LOD,504.6302,34.8564 , 14.5269,<LOD,19.5107,193.0317 , 87.9139,<LOD,0.0000,<LOD,112.5995,101.7429 , 37.1297,<LOD,1908.8542,964.7283 , 190.3273,123.3854 , 59.6963,1086.9891 , 118.4963,61.0343 , 13.6424,2164.5952 , 373.5111,1850.1392 , 170.0516,10498.4160 , 2719.1121,<LOD,132.3067,<LOD,1350.2714,<LOD,149.9717,1144.9187 , 51.8795,<LOD,0.0000,<LOD,39.0852,,,,,
4009,Mining,6.61,6.65,,,,"Fri Mar 7, 2025 - 07:07:03",User,1.5,ppm,,,,,la_24_19,Mining,70.5050 , 61.9883,3804.6694 , 102.3188,<LOD,67.4335,954739.5625 , 1156.4062,201.3805 , 28.4098,<LOD,52.2484,<LOD,125.4408,<LOD,159.8086,34.4466 , 13.6370,10797.5723 , 255.9083,<LOD,0.0000,105.4812 , 18.8450,82.8847 , 65.9392,10.6459 , 3.4806,17.8306 , 3.0715,<LOD,47.7878,21914.5312 , 95.1435,44.1454 , 21.6181,22.8267 , 5.8025,<LOD,0.0000,320.3676 , 260.5474,27.3498 , 11.9293,493.5663 , 30.3933,18.1830 , 2.5927,<LOD,0.0000,<LOD,51.6346,7009.4858 , 708.9251,<LOD,10.7300,<LOD,502.4114,<LOD,45.2512,<LOD,18.0718,241.4624 , 17.8161,43.1508 , 5.7022,,,,,
4010,Mining,5.47,4.67,,,,"Fri Mar 7, 2025 - 07:07:31",User,1.5,ppm,,,,,la_24_19,Mining,54.0020 , 47.5032,2793.3684 , 166.0082,<LOD,111.6188,945939.0000 , 1567.2035,510.4959 , 50.2835,<LOD,49.8359,<LOD,132.3816,<LOD,219.7095,<LOD,26.5290,4933.3979 , 244.4947,<LOD,0.0000,<LOD,63.5068,<LOD,249.3160,<LOD,7.1305,56.8113 , 4.9343,<LOD,51.3846,36285.3281 , 164.4651,<LOD,41.9972,<LOD,13.5555,<LOD,0.0000,726.9023 , 71.2382,<LOD,33.1707,945.6098 , 44.9226,<LOD,5.7836,<LOD,0.0000,<LOD,92.3569,7190.6660 , 971.8448,<LOD,16.2677,472.5154 , 369.5694,<LOD,37.7043,<LOD,31.0615,28.1527 , 13.4256,63.6939 , 10.2847,,,,,
4011,Mining,6.09,5.73,,,,"Fri Mar 7, 2025 - 07:08:23",User,1.5,ppm,,,,,la_24_19,Mining,35.5908 , 31.2924,12258.7119 , 114.0327,123.0855 , 48.8147,948685.4375 , 1302.6206,147.2676 , 30.8425,<LOD,32.6719,<LOD,176.3966,<LOD,141.9456,42.5991 , 15.8365,17961.7793 , 349.0403,<LOD,0.0000,102.6255 , 22.6756,<LOD,91.7908,<LOD,6.1059,<LOD,6.1900,<LOD,40.5579,11649.4326 , 80.1222,<LOD,26.5190,<LOD,7.5078,<LOD,0.0000,339.6226 , 276.2148,<LOD,20.0553,558.4621 , 28.9631,<LOD,3.2135,<LOD,0.0000,<LOD,49.0796,7393.5645 , 775.8301,<LOD,10.3085,<LOD,403.9490,<LOD,41.2658,<LOD,14.7984,693.6458 , 31.4327,8.1721 , 4.8022,,,,,
4012,Mining,7.03,6.94,,,,"Fri Mar 7, 2025 - 07:10:42",User,1.5,ppm,,,,,la_24_31,Mining,<LOD,25.9324,156.2410 , 67.2570,<LOD,45.1486,893005.4375 , 1799.1613,<LOD,32.9690,<LOD,29.2031,<LOD,387.7711,<LOD,144.5631,84.3642 , 18.0125,96535.5234 , 571.3205,<LOD,0.0000,<LOD,26.4663,<LOD,100.8142,<LOD,5.0011,6.1263 , 2.5265,<LOD,45.9329,8626.8887 , 67.5912,<LOD,24.0277,<LOD,7.4102,<LOD,0.0000,<LOD,52.7693,<LOD,15.4719,<LOD,35.1427,<LOD,3.5555,<LOD,0.0000,<LOD,31.5568,1388.7977 , 362.3234,<LOD,7.9516,<LOD,250.3630,<LOD,32.6553,<LOD,11.9188,163.3587 , 16.4656,33.2690 , 4.0864,,,,,
4013,Mining,6.60,6.61,,,,"Fri Mar 7, 2025 - 07:11:49",User,1.5,ppm,,,,,la_24_31,Mining,<LOD,22.6480,119.2653 , 35.2407,<LOD,23.7511,933076.6875 , 1254.8610,<LOD,13.3890,<LOD,26.4575,<LOD,262.5516,<LOD,131.7181,38.3227 , 14.1184,64158.1602 , 480.3658,<LOD,0.0000,11.3433 , 7.9204,<LOD,130.5308,<LOD,3.6401,<LOD,3.0645,39.1446 , 23.6950,2462.7676 , 35.3001,<LOD,21.6036,8.9064 , 2.6111,<LOD,0.0000,<LOD,47.1284,<LOD,6.8897,<LOD,30.8612,3.7255 , 1.1870,<LOD,0.0000,<LOD,16.5408,<LOD,680.3903,<LOD,4.8642,<LOD,218.7710,<LOD,0.0000,<LOD,6.1449,59.8129 , 10.4874,21.8222 , 2.8633,,,,,
4014,Mining,7.48,6.94,,,,"Fri Mar 7, 2025 - 07:12:33",User,1.5,ppm,,,,,la_24_31,Mining,<LOD,19.0943,105.7355 , 32.8788,<LOD,21.6278,931547.8750 , 953.9795,24.4045 , 8.8836,<LOD,22.5820,<LOD,170.4248,<LOD,92.7406,59.9360 , 10.3416,60414.9922 , 337.2776,<LOD,0.0000,10.1329 , 6.0248,<LOD,63.7766,<LOD,4.9245,9.5655 , 1.8611,94.8618 , 15.7293,4842.5283 , 33.6423,<LOD,19.5648,8.4525 , 2.2939,<LOD,0.0000,<LOD,39.8328,<LOD,6.8863,<LOD,25.8804,6.3369 , 1.0015,<LOD,0.0000,<LOD,16.6716,2637.1035 , 321.0598,<LOD,7.7586,<LOD,191.0480,<LOD,17.4699,<LOD,7.7840,115.7465 , 9.1261,122.3513 , 3.5133,,,,,
4015,Mining,6.85,6.06,,,,"Fri Mar 7, 2025 - 07:14:33",User,1.5,ppm,,,,,la_24_32,Mining,148.4396 , 130.5345,2111.8965 , 210.0412,<LOD,139.5562,623130.7500 , 7154.6382,<LOD,120.6226,<LOD,53.5326,<LOD,603.1060,<LOD,207.7058,530.6968 , 48.8109,324086.6875 , 932.8554,<LOD,0.0000,<LOD,43.3658,<LOD,215.8112,<LOD,10.8678,56.1519 , 5.4353,253.0188 , 84.4062,47474.4180 , 210.1441,<LOD,45.0172,<LOD,14.4207,<LOD,0.0000,105.3523 , 85.6975,<LOD,35.9602,444.7691 , 45.7024,<LOD,6.6374,<LOD,0.0000,<LOD,100.6406,863.4224 , 300.8266,<LOD,17.4398,<LOD,385.6891,<LOD,70.8240,<LOD,37.6422,794.4368 , 45.5330,<LOD,14.7524,,,,,
4016,Mining,5.24,4.84,,,,"Fri Mar 7, 2025 - 07:14:54",User,1.5,ppm,,,,,la_24_32,Mining,239.7131 , 210.6893,3448.6223 , 334.6584,<LOD,229.0233,538214.1875 , 14585.0850,152.8193 , 85.8073,<LOD,83.5312,<LOD,966.0848,<LOD,333.9292,575.9318 , 80.1694,405045.3125 , 1550.0778,<LOD,0.0000,<LOD,68.8027,212.8844 , 166.3254,<LOD,14.2616,59.1689 , 9.0889,458.1742 , 153.4695,48386.9648 , 332.7455,<LOD,71.0800,<LOD,24.3363,<LOD,0.0000,348.2256 , 283.1132,<LOD,59.3638,903.3189 , 75.0865,<LOD,10.7927,<LOD,0.0000,<LOD,164.7851,1057.6116 , 433.3928,<LOD,39.4977,<LOD,845.0717,<LOD,114.2644,<LOD,59.7868,852.3647 , 73.4951,44.6494 , 16.6885,,,,,
4017,Mining,6.95,6.56,,,,"Fri Mar 7, 2025 - 07:15:19",User,1.5,ppm,,,,,la_24_32,Mining,116.8929 , 102.8148,1741.5342 , 149.1410,<LOD,96.7344,559923.1250 , 9014.3145,75.5545 , 38.5913,<LOD,53.0878,<LOD,653.7315,<LOD,225.8339,460.0770 , 50.7931,416519.4688 , 1005.3186,<LOD,0.0000,<LOD,41.0991,176.7305 , 112.2680,<LOD,9.8352,20.6615 , 4.8407,370.4246 , 111.7624,18337.4766 , 147.9991,<LOD,43.9709,<LOD,9.3590,<LOD,0.0000,<LOD,99.2234,<LOD,26.7019,202.1434 , 44.0539,<LOD,4.6287,<LOD,0.0000,<LOD,70.0163,1203.2111 , 291.3079,<LOD,11.5693,<LOD,427.2548,<LOD,70.6363,<LOD,25.7264,760.8765 , 48.4289,29.6538 , 7.2777,,,,,
4018,Mining,8.76,8.67,,,,"Fri Mar 7, 2025 - 07:17:22",User,1.5,ppm,,,,,la_24_5,Mining,<LOD,41.7646,958.8055 , 55.1990,<LOD,36.5268,813263.3125 , 2195.5515,30.7421 , 14.2024,<LOD,38.5193,<LOD,283.5056,<LOD,130.4870,316.5100 , 22.1225,174752.9844 , 490.0172,<LOD,0.0000,<LOD,16.3739,160.6137 , 60.5969,<LOD,3.5550,<LOD,4.1734,316.8166 , 31.6330,8701.0566 , 54.0941,<LOD,25.0201,6.3754 , 2.9169,<LOD,0.0000,143.8780 , 117.0574,<LOD,9.2663,209.6113 , 23.9525,28.0059 , 1.7921,<LOD,0.0000,<LOD,26.3696,495.6605 , 205.1233,<LOD,5.5809,<LOD,295.5519,<LOD,29.1144,<LOD,9.6634,594.6996 , 22.4415,20.8920 , 3.1659,,,,,
4019,Mining,9.23,9.02,,,,"Fri Mar 7, 2025 - 07:18:04",User,1.5,ppm,,,,,la_24_5,Mining,<LOD,9.3645,9.7049 , 2.6349,<LOD,3.8811,952205.8125 , 777.9950,<LOD,1.7766,<LOD,11.1847,<LOD,25.1687,<LOD,53.5133,<LOD,4.6546,2382.3181 , 59.1585,<LOD,0.0000,<LOD,1.9820,<LOD,29.5245,1.9163 , 1.1297,3.7364 , 0.9485,<LOD,7.1171,53.7543 , 2.4843,<LOD,9.3000,<LOD,1.3867,<LOD,0.0000,<LOD,18.8595,<LOD,0.9623,<LOD,12.2108,<LOD,0.8446,<LOD,0.0000,<LOD,1.8129,45338.4453 , 637.2735,<LOD,1.7285,<LOD,280.0977,<LOD,0.0000,<LOD,1.0654,<LOD,3.2488,4.2749 , 0.8082,,,,,
4020,Mining,12.08,11.87,,,,"Fri Mar 7, 2025 - 07:18:30",User,1.5,ppm,,,,,la_24_5,Mining,18.8389 , 16.5638,260.5148 , 38.7576,<LOD,26.4281,814572.6250 , 2087.9626,<LOD,14.5107,63.3882 , 25.3506,<LOD,269.2856,<LOD,115.1546,392.9726 , 22.5415,166411.6094 , 462.7493,<LOD,0.0000,<LOD,13.3012,175.8296 , 57.4992,<LOD,2.8136,<LOD,2.5098,192.5697 , 31.3805,5269.0942 , 39.3438,<LOD,18.9349,<LOD,3.0860,<LOD,0.0000,324.1176 , 263.6055,<LOD,6.9108,423.5292 , 19.5303,2.6751 , 1.0532,<LOD,0.0000,<LOD,17.8298,11339.9873 , 444.6469,<LOD,4.5810,<LOD,304.0056,<LOD,0.0000,<LOD,6.8037,552.2181 , 20.2240,<LOD,2.8722,,,,,
4021,Mining,1.39,1.35,,,,"Fri Mar 7, 2025 - 07:19:18",User,1.5,ppm,,,,,la_24_5,Mining,<LOD,243.6598,957.9263 , 408.4430,<LOD,399.9688,774991.7500 , 14548.7139,<LOD,141.8745,<LOD,286.9118,<LOD,1968.7784,<LOD,1341.5601,215.1620 , 122.2372,210663.7344 , 3275.8489,<LOD,0.0000,<LOD,128.1770,<LOD,698.0554,<LOD,30.5885,<LOD,21.4029,<LOD,355.6168,12054.2598 , 408.1776,<LOD,163.6332,<LOD,37.3478,<LOD,0.0000,<LOD,374.7423,<LOD,87.5030,478.4294 , 164.8857,<LOD,19.8525,<LOD,0.0000,<LOD,175.3056,<LOD,4460.7407,<LOD,31.6820,<LOD,1264.5044,<LOD,165.9273,<LOD,85.6851,205.8246 , 93.1439,194.5275 , 35.1086,,,,,
4022,Mining,4.92,4.89,,,,"Fri Mar 7, 2025 - 07:20:19",User,1.5,ppm,,,,,la_24_4,Mining,38.2504 , 32.6198,806.2296 , 117.2001,<LOD,80.1407,763652.7500 , 4722.5200,<LOD,73.7020,<LOD,94.7669,<LOD,559.7936,<LOD,226.7316,161.9603 , 32.8495,219857.9375 , 923.8906,<LOD,0.0000,<LOD,31.3595,<LOD,209.5387,<LOD,8.2819,14.2244 , 4.5241,298.2701 , 66.8328,12283.9443 , 118.1866,<LOD,47.7163,24.0548 , 7.3947,<LOD,0.0000,289.3226 , 235.3375,<LOD,28.4275,304.4800 , 46.0477,<LOD,3.8537,<LOD,0.0000,<LOD,54.7420,1771.2396 , 430.6668,<LOD,16.2903,<LOD,368.1641,<LOD,58.2011,<LOD,20.4471,273.6942 , 29.6275,223.6755 , 10.7244,,,,,
4023,Mining,9.55,9.55,,,,"Fri Mar 7, 2025 - 07:20:48",User,1.5,ppm,,,,,la_24_4,Mining,<LOD,15.7676,34.9197 , 13.4036,<LOD,11.0286,940668.5000 , 1216.2488,<LOD,6.1438,<LOD,18.6452,<LOD,214.1619,<LOD,105.6539,43.1234 , 10.6634,27811.6855 , 285.0374,<LOD,0.0000,<LOD,6.2508,<LOD,64.3446,<LOD,2.7399,<LOD,2.1619,<LOD,25.3013,604.4938 , 13.4280,<LOD,15.3135,<LOD,2.0536,<LOD,0.0000,<LOD,32.3350,<LOD,3.0470,<LOD,20.9960,<LOD,1.0919,<LOD,0.0000,<LOD,6.9226,30806.3906 , 901.4666,<LOD,3.5924,<LOD,422.7822,<LOD,0.0000,<LOD,2.6340,30.8883 , 6.3684,<LOD,2.9433,,,,,
4024,Mining,8.79,8.03,,,,"Fri Mar 7, 2025 - 07:21:24",User,1.5,ppm,,,,,la_24_4,Mining,21.4525 , 18.8661,667.9249 , 53.5078,<LOD,36.1909,831011.6875 , 2136.3728,<LOD,34.1968,<LOD,50.5226,<LOD,290.4490,<LOD,125.0100,96.2984 , 15.7677,158864.4688 , 506.7737,<LOD,0.0000,<LOD,20.9384,<LOD,97.7837,<LOD,4.3963,8.0926 , 2.3806,288.3195 , 31.7540,7608.6240 , 53.0685,<LOD,25.4404,6.0361 , 3.2682,<LOD,0.0000,198.5969 , 161.5570,<LOD,10.9131,192.3807 , 24.2947,<LOD,2.9042,<LOD,0.0000,<LOD,24.7038,657.6892 , 231.6107,9.2191 , 4.7608,<LOD,205.3071,<LOD,27.8850,<LOD,9.1429,217.3117 , 15.0435,151.9189 , 5.0208,,,,,
4025,Mining,8.25,8.13,,,,"Fri Mar 7, 2025 - 07:22:29",User,1.5,ppm,,,,,la_24_4,Mining,19.0889 , 17.6110,1400.8553 , 37.0307,<LOD,23.8023,791989.3125 , 2836.7502,20.0142 , 10.1970,<LOD,30.6869,<LOD,342.3391,<LOD,134.3962,5052.2983 , 87.9780,196650.3750 , 563.3190,<LOD,0.0000,<LOD,13.6619,241.3856 , 71.4531,<LOD,3.8877,<LOD,3.0236,<LOD,96.5945,1297.4100 , 24.7474,<LOD,25.6390,<LOD,2.7779,<LOD,0.0000,<LOD,55.0712,<LOD,6.5613,<LOD,35.6292,<LOD,1.2702,<LOD,0.0000,<LOD,13.9098,<LOD,332.5095,<LOD,4.7546,<LOD,188.3967,<LOD,58.0562,<LOD,4.5327,3329.3140 , 59.3610,<LOD,3.7320,,,,,
4026,Mining,7.02,6.32,,,,"Fri Mar 7, 2025 - 07:23:09",User,1.5,ppm,,,,,la_24_4,Mining,<LOD,22.1298,314.2704 , 23.4499,<LOD,16.8625,912300.1875 , 1374.2855,<LOD,9.7499,<LOD,25.9753,<LOD,272.7387,<LOD,113.1653,1270.6354 , 45.9769,84058.5938 , 481.4628,<LOD,0.0000,<LOD,9.8043,81.0541 , 62.6901,<LOD,3.5042,<LOD,2.8307,<LOD,36.2078,864.4235 , 20.0558,<LOD,21.3929,<LOD,3.8739,<LOD,0.0000,<LOD,46.1299,<LOD,4.8294,<LOD,29.7690,<LOD,1.5337,<LOD,0.0000,<LOD,10.2973,<LOD,385.6218,<LOD,4.7879,<LOD,183.4015,<LOD,37.3466,<LOD,3.8336,1085.8801 , 34.5715,24.9926 , 2.5656,,,,,
4027,Mining,6.48,6.53,,,,"Fri Mar 7, 2025 - 07:23:43",User,1.5,ppm,,,,,la_24_3,Mining,<LOD,22.6463,234.7961 , 26.4595,<LOD,19.5228,917573.6250 , 1345.1749,<LOD,10.5676,<LOD,26.3639,<LOD,275.7989,<LOD,119.2997,952.3284 , 41.6834,78977.9844 , 490.8140,<LOD,0.0000,<LOD,14.2574,149.1614 , 69.7019,<LOD,3.7933,<LOD,3.0167,<LOD,43.2640,1232.8807 , 24.6400,<LOD,21.5773,3.7225 , 1.9971,<LOD,0.0000,<LOD,47.2593,<LOD,5.1968,<LOD,30.7170,<LOD,1.8944,<LOD,0.0000,<LOD,18.4226,<LOD,360.4835,<LOD,4.2307,<LOD,188.0018,<LOD,35.5219,<LOD,5.6991,822.5045 , 31.3458,52.9874 , 3.3979,,,,,
4028,Mining,8.55,8.51,,,,"Fri Mar 7, 2025 - 07:24:02",User,1.5,ppm,,,,,la_24_3,Mining,<LOD,13.1601,107.5687 , 8.1645,<LOD,7.0536,956042.8125 , 542.4441,<LOD,3.3774,<LOD,15.9081,<LOD,172.7771,<LOD,66.7948,350.7128 , 14.7238,42681.2617 , 241.8722,<LOD,0.0000,<LOD,3.8742,<LOD,56.3409,8.1775 , 1.5908,8.0223 , 1.3451,<LOD,15.8747,312.4822 , 7.0452,<LOD,13.9349,<LOD,1.5534,<LOD,0.0000,<LOD,26.7250,<LOD,2.0562,<LOD,17.2098,2.0149 , 0.4995,<LOD,0.0000,3.9812 , 2.6062,<LOD,197.6625,3.3930 , 1.9842,<LOD,105.9558,<LOD,14.8876,3.8247 , 1.2514,464.5369 , 13.2487,11.2428 , 1.2372,,,,,
4029,Mining,15.91,15.85,,,,"Fri Mar 7, 2025 - 07:24:24",User,1.5,ppm,,,,,la_24_3,Mining,<LOD,6.8275,86.4374 , 3.5145,<LOD,3.2382,966683.1250 , 251.6715,<LOD,1.7085,<LOD,8.2583,<LOD,60.5075,<LOD,31.2695,247.5518 , 6.9245,32488.0508 , 125.1191,<LOD,0.0000,<LOD,1.8450,<LOD,22.5830,5.7867 , 0.8485,7.0821 , 0.7235,<LOD,7.4323,158.1341 , 2.7932,<LOD,7.0872,<LOD,0.8241,<LOD,0.0000,<LOD,13.8063,<LOD,0.8858,<LOD,8.8982,3.0685 , 0.2797,<LOD,0.0000,<LOD,1.9407,<LOD,114.3199,2.8509 , 1.0484,<LOD,56.0684,<LOD,7.3643,2.7986 , 0.6045,307.7769 , 5.9892,7.3198 , 0.6212,,,,,
4030,Mining,14.65,14.64,,,,"Fri Mar 7, 2025 - 07:25:51",User,1.5,ppm,,,,,la_24_24,Mining,238.5992 , 209.6778,3866.6428 , 123.7030,<LOD,81.6165,631467.1250 , 4348.9321,192.7841 , 32.1594,<LOD,30.9758,<LOD,341.6763,<LOD,123.9681,256.5081 , 21.5941,310039.9688 , 538.8914,<LOD,0.0000,131.2711 , 20.3201,<LOD,115.9996,7.9840 , 3.1277,55.4267 , 3.3491,241.8335 , 46.0728,49721.7461 , 121.7249,<LOD,26.1669,<LOD,10.3330,<LOD,0.0000,451.6380 , 367.1323,35.8698 , 14.2983,1052.0060 , 28.3791,<LOD,4.0018,<LOD,0.0000,<LOD,61.8875,1888.5272 , 205.3664,<LOD,11.9318,<LOD,197.4487,<LOD,36.5908,<LOD,22.5983,339.8242 , 18.3324,12.2577 , 6.0234,,,,,
4031,Mining,11.27,11.36,,,,"Fri Mar 7, 2025 - 07:26:30",User,1.5,ppm,,,,,la_24_24,Mining,<LOD,16.8757,145.9190 , 47.2800,<LOD,31.0912,891366.7500 , 1504.4470,<LOD,28.5299,<LOD,19.9118,<LOD,183.7304,<LOD,106.4925,18.0110 , 9.2120,60636.2109 , 345.3496,<LOD,0.0000,28.2516 , 8.4542,<LOD,66.2429,<LOD,2.7142,8.5796 , 1.6244,39.3718 , 16.7816,9685.1631 , 47.2087,<LOD,16.3575,<LOD,3.4613,<LOD,0.0000,<LOD,35.5668,<LOD,8.3649,<LOD,23.5270,<LOD,1.5754,<LOD,0.0000,<LOD,21.8549,38033.7109 , 833.0856,<LOD,5.0255,<LOD,414.1019,<LOD,20.2171,<LOD,7.9877,32.8380 , 6.5651,5.1911 , 2.2919,,,,,
4032,Mining,13.38,12.54,,,,"Fri Mar 7, 2025 - 07:27:05",User,1.5,ppm,,,,,la_24_24,Mining,129.1953 , 113.6022,3219.6702 , 89.4147,<LOD,57.8448,620901.0625 , 4149.5176,111.4855 , 23.3199,<LOD,27.7286,<LOD,430.9529,<LOD,125.1449,264.2171 , 22.2290,351884.1562 , 580.4610,<LOD,0.0000,63.7927 , 15.7848,<LOD,92.3456,7.3527 , 2.8033,26.1367 , 2.5546,<LOD,83.8547,20766.2852 , 86.0516,<LOD,22.9832,<LOD,5.4747,<LOD,0.0000,180.4377 , 146.7627,35.1549 , 10.4310,262.2841 , 23.5330,<LOD,2.7079,<LOD,0.0000,<LOD,41.7980,1923.3358 , 194.7514,<LOD,7.7801,<LOD,196.8800,<LOD,56.0315,<LOD,14.3360,207.3628 , 15.6505,18.0638 , 4.0620,,,,,
4033,Mining,17.93,17.89,,,,"Fri Mar 7, 2025 - 07:28:16",User,1.5,ppm,,,,,la_24_28,Mining,13.0719 , 11.4995,669.2788 , 33.9799,<LOD,23.0162,776178.8750 , 1679.9396,36.1136 , 9.1193,<LOD,16.7066,<LOD,224.1208,<LOD,84.8171,86.0134 , 10.5649,209255.6719 , 386.3870,<LOD,0.0000,<LOD,11.5886,<LOD,96.9748,<LOD,2.3667,2.4429 , 1.3521,<LOD,43.0579,6171.0698 , 33.3952,<LOD,13.6417,<LOD,2.8393,<LOD,0.0000,<LOD,30.0788,<LOD,6.6674,<LOD,19.9539,2.0871 , 0.8455,<LOD,0.0000,<LOD,16.5804,7453.3091 , 268.4810,<LOD,3.6581,<LOD,174.9686,<LOD,19.1737,<LOD,5.6796,132.0218 , 8.6328,<LOD,3.0762,,,,,
4034,Mining,11.64,11.38,,,,"Fri Mar 7, 2025 - 07:28:51",User,1.5,ppm,,,,,la_24_28,Mining,314.2970 , 276.2207,2766.2524 , 155.8452,<LOD,102.7623,438027.8125 , 10209.4795,141.3994 , 40.3730,<LOD,60.5111,<LOD,539.3059,<LOD,242.9733,703.5096 , 47.5538,519981.0000 , 779.2214,<LOD,0.0000,<LOD,36.8012,171.1898 , 88.0619,24.8735 , 4.9170,31.9683 , 4.0530,298.5734 , 104.3422,33892.8750 , 154.1461,<LOD,59.3921,<LOD,12.7209,<LOD,0.0000,320.3893 , 260.4610,<LOD,38.4093,751.3895 , 41.0610,<LOD,7.4242,<LOD,0.0000,<LOD,73.5277,1507.4182 , 214.7887,<LOD,12.3646,<LOD,279.3332,<LOD,63.5492,<LOD,26.7911,1026.0481 , 43.8594,40.9976 , 7.2658,,,,,
4035,Mining,12.98,12.52,,,,"Fri Mar 7, 2025 - 07:29:19",User,1.5,ppm,,,,,la_24_28,Mining,<LOD,15.1290,529.7319 , 30.2366,<LOD,20.5301,844596.9375 , 1284.2013,22.1480 , 7.9277,<LOD,17.8411,<LOD,189.8531,<LOD,77.4970,142.2623 , 11.1505,142727.3125 , 327.0704,<LOD,0.0000,10.1796 , 5.5906,<LOD,79.3671,<LOD,2.1991,<LOD,1.8050,111.1496 , 19.7878,5574.3765 , 29.8231,<LOD,14.5056,<LOD,2.2291,<LOD,0.0000,<LOD,32.4572,<LOD,7.8285,<LOD,21.2359,<LOD,1.0828,<LOD,0.0000,<LOD,14.4358,6063.9663 , 272.7167,<LOD,3.2257,<LOD,164.0409,<LOD,17.6672,<LOD,5.0240,221.9331 , 9.9037,<LOD,2.2339,,,,,
4036,Mining,11.85,11.63,,,,"Fri Mar 7, 2025 - 07:31:34",User,1.5,ppm,,,,,la_24_26,Mining,89.2433 , 78.4900,1376.2740 , 78.8870,<LOD,52.7826,677685.5625 , 3548.3401,<LOD,40.8409,<LOD,28.0069,<LOD,328.7114,<LOD,117.1446,295.7023 , 21.8529,297919.8750 , 517.0757,<LOD,0.0000,<LOD,17.5752,<LOD,88.4210,4.9016 , 2.7147,21.9948 , 2.5171,136.8673 , 45.8630,19361.1875 , 78.8332,<LOD,23.3110,<LOD,5.2724,<LOD,0.0000,73.7742 , 60.0194,12.3711 , 9.2343,220.3615 , 23.1372,<LOD,2.7021,<LOD,0.0000,<LOD,36.0668,2402.7356 , 215.4268,<LOD,6.5015,<LOD,199.1321,<LOD,32.6298,<LOD,13.6741,352.6473 , 17.9984,46.5366 , 4.2091,,,,,
4037,Mining,13.68,13.71,,,,"Fri Mar 7, 2025 - 07:32:10",User,1.5,ppm,,,,,la_24_26,Mining,31.3284 , 27.5592,621.8539 , 65.7568,<LOD,42.5129,729734.8125 , 2455.0483,30.4523 , 16.3935,<LOD,22.1090,<LOD,263.6438,<LOD,100.2052,174.9875 , 15.1636,246332.3281 , 428.0977,<LOD,0.0000,<LOD,13.8470,<LOD,93.5086,<LOD,5.0326,24.9365 , 2.1460,144.7708 , 32.8242,20384.4023 , 66.8465,<LOD,18.2615,<LOD,5.3576,<LOD,0.0000,<LOD,40.5154,<LOD,11.1266,66.3516 , 18.1581,<LOD,3.3623,<LOD,0.0000,<LOD,32.1420,2139.4648 , 189.5194,<LOD,5.6776,<LOD,166.6284,<LOD,29.6011,<LOD,11.7458,237.6366 , 12.6567,76.6985 , 3.9340,,,,,
4038,Mining,13.53,13.48,,,,"Fri Mar 7, 2025 - 07:32:51",User,1.5,ppm,,,,,la_24_26,Mining,<LOD,8.3180,13.7564 , 3.0597,<LOD,4.1825,967110.6250 , 565.4031,<LOD,1.9015,<LOD,9.9645,<LOD,33.9829,<LOD,49.3483,<LOD,4.7833,5146.9521 , 75.9214,<LOD,0.0000,<LOD,2.0676,<LOD,26.7920,<LOD,1.3910,<LOD,1.1140,<LOD,7.6310,99.6495 , 2.9295,<LOD,8.0709,<LOD,0.8809,<LOD,0.0000,<LOD,17.2603,<LOD,1.0878,<LOD,11.1842,<LOD,0.4333,<LOD,0.0000,<LOD,1.9061,27629.0586 , 481.9188,<LOD,1.5736,<LOD,216.7056,<LOD,0.0000,<LOD,0.9145,<LOD,2.9911,<LOD,0.9423,,,,,
4039,Mining,16.08,15.95,,,,"Fri Mar 7, 2025 - 07:33:19",User,1.5,ppm,,,,,la_24_26,Mining,<LOD,8.1257,115.1478 , 4.1576,<LOD,4.3532,955593.8750 , 516.2532,<LOD,2.0095,<LOD,9.7303,<LOD,63.9943,<LOD,47.7408,13.5929 , 3.9762,23220.8242 , 131.8272,<LOD,0.0000,<LOD,2.3288,<LOD,28.1127,<LOD,1.2790,<LOD,1.0142,<LOD,9.4123,100.2542 , 2.7737,<LOD,7.8213,<LOD,0.8323,<LOD,0.0000,<LOD,17.1513,<LOD,1.1982,<LOD,11.0947,<LOD,0.3699,<LOD,0.0000,<LOD,1.8474,20932.5117 , 389.8268,<LOD,1.4570,<LOD,178.0815,<LOD,0.0000,<LOD,0.8139,23.8155 , 2.7640,<LOD,0.8270,,,,,
4040,Mining,13.44,13.29,,,,"Fri Mar 7, 2025 - 07:35:08",User,1.5,ppm,,,,,la_24_16,Mining,86.7526 , 76.2729,2211.1509 , 64.2910,<LOD,47.2698,956497.7500 , 645.0905,280.0856 , 18.3370,<LOD,35.1479,<LOD,38.8162,<LOD,112.6595,11.5859 , 7.1223,1997.4561 , 70.7961,<LOD,0.0000,159.3665 , 12.1709,<LOD,80.3667,<LOD,4.3633,54.7737 , 1.9345,<LOD,20.2129,29404.2285 , 64.0535,<LOD,24.5249,<LOD,6.8143,<LOD,0.0000,305.5733 , 248.5145,299.6281 , 10.2072,451.2838 , 18.2006,<LOD,2.1001,<LOD,0.0000,<LOD,33.4377,7981.9644 , 437.8089,<LOD,6.7712,<LOD,242.2528,30.6200 , 12.5882,<LOD,11.3194,86.7612 , 7.3539,141.0441 , 4.2991,,,,,
4041,Mining,8.69,8.56,,,,"Fri Mar 7, 2025 - 07:35:39",User,1.5,ppm,,,,,la_24_16,Mining,<LOD,16.7556,1300.6328 , 47.6737,<LOD,32.0179,981355.5000 , 500.4640,103.3740 , 13.1398,<LOD,19.3440,<LOD,30.2805,<LOD,87.2483,<LOD,14.6469,954.2321 , 58.5632,<LOD,0.0000,44.5883 , 8.6156,<LOD,50.1009,<LOD,2.8366,18.9827 , 1.6484,<LOD,13.6767,11494.8232 , 45.0456,<LOD,15.9391,5.4015 , 2.5001,<LOD,0.0000,<LOD,35.0861,36.7732 , 6.0324,<LOD,22.6793,<LOD,1.4685,<LOD,0.0000,<LOD,23.3930,4556.3545 , 419.4266,<LOD,5.0069,<LOD,217.2418,<LOD,17.9261,<LOD,7.5230,17.8297 , 5.2187,111.5038 , 3.4345,,,,,
4042,Mining,11.57,11.22,,,,"Fri Mar 7, 2025 - 07:36:02",User,1.5,ppm,,,,,la_24_16,Mining,<LOD,10.9096,600.6028 , 26.6266,<LOD,17.9348,975151.3125 , 537.1226,76.2936 , 7.5247,<LOD,12.9523,<LOD,20.1722,<LOD,59.3545,<LOD,6.3402,962.4036 , 41.5619,<LOD,0.0000,41.9004 , 5.2481,<LOD,32.2416,<LOD,1.7149,6.6241 , 1.0015,<LOD,8.4070,7057.5337 , 26.0619,<LOD,10.5467,<LOD,2.6314,<LOD,0.0000,<LOD,22.9981,12.6513 , 3.2671,<LOD,14.8670,<LOD,0.8905,<LOD,0.0000,<LOD,13.1901,16049.5820 , 467.5484,<LOD,2.9033,<LOD,203.8327,<LOD,9.6245,<LOD,4.1194,21.9087 , 3.6288,19.2203 , 1.4865,,,,,
4043,Mining,10.87,10.91,,,,"Fri Mar 7, 2025 - 07:36:28",User,1.5,ppm,,,,,la_24_16,Mining,273.7838 , 240.7484,33357.7305 , 129.6974,1477.6318 , 79.2499,923002.1875 , 1815.4254,1621.5227 , 47.9707,59.7759 , 25.1057,<LOD,88.5149,291.5666 , 112.1857,<LOD,0.0000,5315.8145 , 163.1567,4654.6670 , 208.5114,1065.9518 , 208.6296,<LOD,166.2040,62.1367 , 5.0209,<LOD,7.8712,86.1397 , 21.4036,<LOD,0.0000,84.3481 , 21.6327,125.9725 , 14.0119,<LOD,638.4729,1428.2987 , 57.1989,261.4612 , 21.1957,1993.7848 , 37.2820,117.7039 , 4.9593,4145.5366 , 127.5188,4716.4741 , 69.5767,12780.4121 , 763.5603,<LOD,49.4337,351.7868 , 258.0342,<LOD,54.2025,2725.3469 , 22.0035,<LOD,0.0000,<LOD,15.9745,,,,,
4044,Mining,8.80,8.91,,,,"Fri Mar 7, 2025 - 07:36:58",User,1.5,ppm,,,,,la_24_16,Mining,<LOD,22.4169,<LOD,108.1502,<LOD,45.1828,978487.6875 , 604.1574,36.8988 , 18.0182,<LOD,26.4430,<LOD,44.9927,<LOD,115.4022,<LOD,15.6521,1204.0754 , 87.0314,<LOD,0.0000,95.5749 , 13.6607,<LOD,72.9371,4.5213 , 2.4344,28.4199 , 2.2477,<LOD,34.2777,17218.6191 , 66.0883,<LOD,25.1289,<LOD,5.2079,<LOD,0.0000,230.9878 , 187.9041,<LOD,16.1214,389.6493 , 21.9576,<LOD,2.3228,<LOD,0.0000,<LOD,36.3269,2227.1990 , 448.0033,<LOD,7.4925,<LOD,362.2976,<LOD,44.5449,<LOD,12.3369,63.8675 , 9.5149,12.4981 , 3.7978,,,,,
4045,Mining,7.34,7.46,,,,"Fri Mar 7, 2025 - 07:38:28",User,1.5,ppm,,,,,la_24_7,Mining,180.5308 , 158.7506,3371.1841 , 149.3344,<LOD,95.0380,594731.3750 , 7845.3325,136.7756 , 39.6301,<LOD,50.2594,758.4637 , 390.6679,<LOD,190.5173,3795.1162 , 116.0966,369823.4688 , 912.6342,<LOD,0.0000,<LOD,33.6806,168.8540 , 102.3452,8.9602 , 4.9237,25.6449 , 4.5108,<LOD,80.4315,19926.7988 , 142.0203,<LOD,42.2107,<LOD,9.2724,<LOD,0.0000,88.5185 , 72.0023,<LOD,35.9020,168.9854 , 41.3719,<LOD,5.4175,<LOD,0.0000,<LOD,69.4135,800.3654 , 266.2313,<LOD,13.3353,<LOD,290.7047,<LOD,0.0000,<LOD,24.0799,6001.7598 , 117.8306,13.2521 , 6.5691,,,,,
4046,Mining,7.87,7.47,,,,"Fri Mar 7, 2025 - 07:38:47",User,1.5,ppm,,,,,la_24_7,Mining,162.8971 , 143.2251,4652.9014 , 149.0376,<LOD,92.6868,636442.0000 , 5511.0786,137.9884 , 39.0940,<LOD,42.2446,<LOD,759.9476,<LOD,197.7063,704.8854 , 51.7333,334228.9688 , 3682.9077,<LOD,0.0000,<LOD,49.1692,<LOD,239.2817,12.1100 , 4.4469,17.1219 , 4.0286,<LOD,130.1469,20532.6895 , 143.7947,<LOD,35.0594,<LOD,10.0855,<LOD,0.0000,195.6408 , 159.1160,<LOD,29.9541,321.3398 , 35.7846,<LOD,4.4634,<LOD,0.0000,<LOD,69.1017,1709.7438 , 312.7605,<LOD,13.9904,<LOD,424.9552,<LOD,63.8079,<LOD,24.0193,881.7281 , 45.5340,<LOD,13.3773,,,,,
4047,Mining,20.11,19.90,,,,"Fri Mar 7, 2025 - 07:39:37",User,1.5,ppm,,,,,la_24_7,Mining,265.2175 , 233.0584,4553.6016 , 104.1502,<LOD,67.7487,520166.3125 , 5278.0093,169.7404 , 27.0307,<LOD,29.2189,<LOD,330.1605,<LOD,118.6155,1838.7363 , 44.2939,429161.1250 , 493.8875,<LOD,0.0000,<LOD,30.2783,<LOD,142.2024,11.3983 , 2.8496,35.1842 , 2.7898,414.1529 , 55.6423,37163.5000 , 100.7226,<LOD,24.9723,<LOD,6.4777,<LOD,0.0000,454.6393 , 369.5542,<LOD,17.3519,877.7545 , 25.9697,<LOD,3.1984,<LOD,0.0000,<LOD,49.6912,1259.5594 , 146.4386,<LOD,7.6944,<LOD,231.7026,<LOD,53.2802,<LOD,18.1868,3601.9514 , 49.0174,27.1163 , 4.7892,,,,,
