Reading No,Reading Type,Duration,Main,Low,High,Light,Time,User,Sigma Value,Units,Batch,Heat,Lot,Note,Sample,Mode,Ag,Ag 2-Sigma,As,As 2-Sigma,Au,Au 2-Sigma,Bal,Bal 2-Sigma,Bi,Bi 2-Sigma,Cd,Cd 2-Sigma,Co,Co 2-Sigma,Cr,Cr 2-Sigma,Cu,Cu 2-Sigma,Fe,Fe 2-Sigma,Hf,Hf 2-Sigma,Hg,Hg 2-Sigma,Mn,Mn 2-Sigma,Mo,Mo 2-Sigma,Nb,Nb 2-Sigma,Ni,Ni 2-Sigma,Pb,Pb 2-Sigma,Pd,Pd 2-Sigma,Rb,Rb 2-Sigma,Re,Re 2-Sigma,Sb,Sb 2-Sigma,Se,Se 2-Sigma,Sn,Sn 2-Sigma,Sr,Sr 2-Sigma,Ta,Ta 2-Sigma,Th,Th 2-Sigma,Ti,Ti 2-Sigma,U,U 2-Sigma,V,V 2-Sigma,W,W 2-Sigma,Y,Y 2-Sigma,Zn,Zn 2-Sigma,Zr,Zr 2-Sigma,
3085,Mining,19.37,19.12,,,,"Fri Mar 1, 2024 - 05:28:20",User,1.5,ppm,,,,,180-647,Mining,<LOD,7.2730,<LOD,1.2349,<LOD,3.4445,999882.3750 , 127.2335,<LOD,1.3860,<LOD,8.6395,<LOD,9.0498,<LOD,38.7276,<LOD,3.6289,114.4490 , 13.4927,<LOD,0.0000,<LOD,1.9096,<LOD,22.4697,<LOD,1.0952,<LOD,0.8810,<LOD,5.3886,3.1971 , 0.8721,<LOD,7.5549,<LOD,0.7858,<LOD,0.0000,<LOD,14.9239,<LOD,0.8893,<LOD,9.7002,<LOD,0.3176,<LOD,0.0000,<LOD,1.2861,<LOD,164.3627,<LOD,1.2785,<LOD,79.6685,<LOD,0.0000,<LOD,0.6238,<LOD,1.9940,<LOD,0.7220,
3086,Mining,19.00,19.14,,,,"Fri Mar 1, 2024 - 05:29:23",User,1.5,ppm,,,,,180-647,Mining,<LOD,7.8644,<LOD,1.3921,<LOD,3.8686,999884.1875 , 136.9144,<LOD,1.4762,<LOD,9.3480,<LOD,9.3504,<LOD,44.2158,<LOD,4.0434,110.7240 , 14.2563,<LOD,0.0000,<LOD,1.9907,<LOD,24.7189,<LOD,1.1628,<LOD,0.9452,<LOD,5.5253,5.0986 , 0.9827,<LOD,8.2249,<LOD,0.7630,<LOD,0.0000,<LOD,16.1641,<LOD,0.9963,<LOD,10.5058,<LOD,0.3385,<LOD,0.0000,<LOD,1.6276,<LOD,177.2198,<LOD,1.4101,<LOD,83.4945,<LOD,0.0000,<LOD,0.6668,<LOD,2.2359,<LOD,0.7693,
3087,Mining,20.37,19.90,,,,"Fri Mar 1, 2024 - 05:30:12",User,1.5,ppm,,,,,180-647,Mining,<LOD,7.5004,<LOD,1.3237,<LOD,3.4706,999879.6250 , 130.1109,<LOD,1.4247,<LOD,8.9087,<LOD,8.7118,<LOD,41.5326,<LOD,3.8212,116.9197 , 13.7689,<LOD,0.0000,<LOD,2.0328,<LOD,23.0798,<LOD,1.1243,<LOD,0.9013,<LOD,5.5935,3.4934 , 0.8998,<LOD,7.8554,<LOD,0.7162,<LOD,0.0000,<LOD,15.4160,<LOD,0.9325,<LOD,10.0272,<LOD,0.3178,<LOD,0.0000,<LOD,1.3176,<LOD,168.3009,<LOD,1.3493,<LOD,79.6602,<LOD,0.0000,<LOD,0.6287,<LOD,2.1745,<LOD,0.7386,
3088,Mining,19.57,19.23,,,,"Fri Mar 1, 2024 - 05:31:58",User,1.5,ppm,,,,,180-661,Mining,190.1930 , 167.2200,336.7506 , 7.9658,66.0424 , 10.3900,976742.3125 , 310.3475,<LOD,4.7579,375.7462 , 150.2673,<LOD,56.6217,389.7793 , 47.9680,15.6694 , 3.9709,17165.6465 , 112.3172,<LOD,0.0000,<LOD,3.2575,97.3236 , 26.0867,<LOD,1.7500,11.8112 , 0.9039,10.5688 , 6.1532,595.8933 , 6.7153,<LOD,9.6010,62.7060 , 1.6931,<LOD,0.0000,<LOD,19.1095,412.2953 , 5.3341,<LOD,12.4991,76.3915 , 0.8944,<LOD,0.0000,<LOD,5.2034,2855.3379 , 195.4754,<LOD,2.6509,234.3882 , 82.7725,<LOD,8.2999,18.9229 , 1.1902,38.6479 , 3.1413,303.5512 , 2.4270,
3089,Mining,19.71,19.56,,,,"Fri Mar 1, 2024 - 05:32:35",User,1.5,ppm,,,,,180-661,Mining,175.2903 , 154.1279,380.3275 , 8.0464,58.0135 , 10.2567,974695.9375 , 310.5412,<LOD,5.8762,317.2626 , 126.8874,<LOD,53.5729,437.6562 , 47.1068,8.4047 , 3.6333,18757.1270 , 112.8433,<LOD,0.0000,<LOD,3.2223,115.5433 , 25.8880,<LOD,1.6849,12.0071 , 0.8794,13.9225 , 5.8737,628.0179 , 6.7060,<LOD,8.9701,66.8020 , 1.6875,<LOD,0.0000,<LOD,18.0567,451.7376 , 5.3835,<LOD,11.8134,80.3469 , 0.8876,<LOD,0.0000,<LOD,4.7890,3277.2688 , 194.7566,<LOD,3.1448,148.3593 , 78.2586,<LOD,8.0166,18.2558 , 1.1672,49.4341 , 3.2567,308.2538 , 2.3753,
3090,Mining,19.63,19.56,,,,"Fri Mar 1, 2024 - 05:33:07",User,1.5,ppm,,,,,180-661,Mining,198.7358 , 174.7263,361.6556 , 8.1474,54.9615 , 10.4117,975605.5000 , 317.7748,<LOD,4.2404,392.5613 , 156.9878,<LOD,54.5000,444.0208 , 49.0994,17.8761 , 4.0393,18001.6641 , 114.3492,<LOD,0.0000,<LOD,3.3952,101.4673 , 26.4322,<LOD,1.7652,11.1320 , 0.9161,11.2502 , 6.0430,610.3653 , 6.8179,<LOD,9.6333,65.0812 , 1.7274,<LOD,0.0000,<LOD,19.2349,436.5487 , 5.4622,<LOD,12.5754,80.2675 , 0.9152,<LOD,0.0000,<LOD,5.9420,3054.6099 , 198.4138,2.1140 , 1.5411,172.6360 , 81.3323,<LOD,8.5129,21.8236 , 1.2214,54.5612 , 3.4813,301.2090 , 2.4238,
3091,Mining,4.51,4.25,,,,"Fri Mar 1, 2024 - 05:33:47",User,1.5,ppm,,,,,180-661,Mining,<LOD,30.8851,<LOD,33.1478,<LOD,19.0625,971265.9375 , 1130.9128,<LOD,7.7000,<LOD,36.5894,<LOD,212.8146,<LOD,192.2381,52.1895 , 16.9264,23493.2598 , 433.4757,<LOD,0.0000,<LOD,11.6238,626.7922 , 129.1481,<LOD,7.4822,66.6246 , 4.6125,<LOD,50.2948,241.0164 , 13.8255,<LOD,31.5413,131.2531 , 8.0186,<LOD,0.0000,<LOD,63.5065,<LOD,5.7354,<LOD,41.3866,144.3892 , 4.1437,<LOD,0.0000,15.8413 , 6.9939,3137.9348 , 672.2455,<LOD,14.4070,<LOD,489.6206,<LOD,0.0000,48.2144 , 4.8595,230.8089 , 20.9743,545.7243 , 11.1046,
3092,Mining,19.59,18.97,,,,"Fri Mar 1, 2024 - 05:35:48",User,1.5,ppm,,,,,180-649a,Mining,<LOD,8.7819,10.8928 , 3.7752,<LOD,4.8689,969669.1250 , 331.4871,<LOD,2.2707,<LOD,10.3252,<LOD,60.6471,<LOD,59.1723,62.7640 , 4.9285,24362.5215 , 123.9232,<LOD,0.0000,<LOD,2.6005,694.3827 , 37.3485,<LOD,2.0283,62.3914 , 1.2797,18.9410 , 6.3993,239.8397 , 3.8581,<LOD,8.9299,132.0182 , 2.2310,<LOD,0.0000,<LOD,18.0284,<LOD,1.3164,<LOD,11.7044,153.0071 , 1.1896,<LOD,0.0000,21.8825 , 2.0982,3531.3899 , 194.5025,3.7079 , 1.6513,154.3384 , 76.9992,<LOD,0.0000,53.1274 , 1.3916,243.0431 , 5.9909,586.6130 , 3.2167,
3093,Mining,19.78,18.95,,,,"Fri Mar 1, 2024 - 05:36:20",User,1.5,ppm,,,,,180-649a,Mining,<LOD,9.0787,14.6762 , 3.8086,<LOD,4.8386,970380.3750 , 337.2032,<LOD,2.3766,<LOD,10.6920,<LOD,60.7698,<LOD,76.6916,64.3119 , 5.0452,23635.5059 , 124.1511,<LOD,0.0000,<LOD,2.8738,679.7540 , 37.7754,<LOD,2.0760,63.7865 , 1.3133,9.8863 , 6.2365,230.5444 , 3.8472,<LOD,9.3068,132.1937 , 2.2772,<LOD,0.0000,<LOD,18.6671,<LOD,1.3222,<LOD,12.1365,151.6749 , 1.2032,<LOD,0.0000,19.5219 , 2.1132,3497.4832 , 197.9085,5.8402 , 1.7332,195.7338 , 79.6134,<LOD,0.0000,56.6709 , 1.4339,251.9005 , 6.1862,610.1185 , 3.3221,
3094,Mining,19.82,19.07,,,,"Fri Mar 1, 2024 - 05:36:55",User,1.5,ppm,,,,,180-649a,Mining,<LOD,9.2424,10.5329 , 3.7267,<LOD,4.6319,972370.6875 , 332.3784,<LOD,2.2798,<LOD,10.9152,<LOD,59.2586,<LOD,77.6306,55.6318 , 4.9399,22036.5957 , 122.2965,<LOD,0.0000,<LOD,3.3582,595.9863 , 36.6282,<LOD,2.5122,59.2505 , 1.2915,25.4660 , 6.5561,219.2702 , 3.8006,<LOD,9.5897,123.4661 , 2.2221,<LOD,0.0000,<LOD,19.0617,<LOD,1.3273,<LOD,12.3694,143.0787 , 1.1827,<LOD,0.0000,19.8820 , 2.0811,3371.7773 , 199.5661,3.9608 , 1.6837,86.3579 , 77.6388,<LOD,0.0000,51.6250 , 1.4013,235.9408 , 6.0739,590.5204 , 3.3015,
3095,Mining,19.85,19.91,,,,"Fri Mar 1, 2024 - 05:38:20",User,1.5,ppm,,,,,sdar_m2,Mining,<LOD,9.1297,57.0365 , 7.5333,<LOD,6.2028,976913.5000 , 284.1781,4.4839 , 2.3237,<LOD,10.7224,<LOD,51.7880,78.6493 , 37.0424,266.2043 , 8.2033,17031.5078 , 108.5238,<LOD,0.0000,<LOD,3.3952,1018.7847 , 43.8939,10.2172 , 1.2069,26.4512 , 1.0465,52.7732 , 6.9507,986.1532 , 7.5346,<LOD,9.4120,161.8834 , 2.4846,<LOD,0.0000,<LOD,18.9042,<LOD,1.7370,<LOD,12.2064,149.1457 , 1.1864,<LOD,0.0000,7.4514 , 2.9587,1780.7764 , 169.7645,7.3824 , 1.7831,187.1395 , 75.3355,<LOD,15.8169,35.9405 , 1.5024,959.3911 , 11.4918,265.0992 , 2.2927,
3096,Mining,19.80,19.90,,,,"Fri Mar 1, 2024 - 05:39:06",User,1.5,ppm,,,,,sdar_m2,Mining,<LOD,9.2795,53.9759 , 7.6952,<LOD,6.5435,976636.8750 , 290.7731,<LOD,4.9805,<LOD,10.8705,<LOD,53.0684,<LOD,83.3873,267.9751 , 8.3059,17434.5000 , 110.5270,<LOD,0.0000,<LOD,4.6403,1001.6893 , 43.9033,12.9890 , 1.2287,26.0631 , 1.0477,46.0669 , 6.9210,1015.0298 , 7.7212,<LOD,13.6742,168.0662 , 2.5416,<LOD,0.0000,<LOD,19.2231,<LOD,1.8183,<LOD,12.3817,151.5220 , 1.2080,<LOD,0.0000,9.1469 , 2.8530,1707.9214 , 169.8417,4.5761 , 1.7514,209.7078 , 76.4534,<LOD,12.9428,32.7276 , 1.5136,962.0056 , 11.6240,259.1346 , 2.2957,
3097,Mining,20.07,19.58,,,,"Fri Mar 1, 2024 - 05:39:50",User,1.5,ppm,,,,,sdar_m2,Mining,<LOD,8.9892,59.0213 , 7.5552,<LOD,6.3909,976323.6250 , 283.2097,<LOD,3.2985,<LOD,10.5632,<LOD,51.7943,<LOD,55.9602,270.2393 , 8.1716,17692.9199 , 109.1204,<LOD,0.0000,5.5138 , 2.3623,989.0346 , 42.7266,11.7889 , 1.1823,26.0671 , 1.0112,58.8637 , 6.9570,1011.4960 , 7.5586,<LOD,9.2706,167.5104 , 2.4792,<LOD,0.0000,<LOD,18.6255,<LOD,1.7747,<LOD,12.0365,153.6016 , 1.1921,<LOD,0.0000,9.6737 , 2.7563,1792.0963 , 167.6067,<LOD,4.0946,194.4619 , 74.5602,<LOD,12.4745,31.7823 , 1.4767,945.7833 , 11.3034,256.5248 , 2.2424,
3098,Mining,19.81,19.94,,,,"Fri Mar 1, 2024 - 05:41:37",User,1.5,ppm,,,,,lmw9yellow,Mining,44.2817 , 38.9533,1427.2010 , 18.1929,<LOD,11.8389,798535.8125 , 1394.3749,<LOD,9.4984,22.4947 , 11.2458,<LOD,166.9998,<LOD,61.5629,2013.0325 , 27.7991,193236.0469 , 274.0917,<LOD,0.0000,<LOD,6.3984,442.5158 , 38.5781,<LOD,2.7300,1.7865 , 1.1042,89.3155 , 19.8742,1306.0841 , 12.1192,24.6381 , 9.7906,<LOD,1.3404,<LOD,0.0000,<LOD,29.7482,<LOD,4.8635,<LOD,22.4963,<LOD,0.9912,<LOD,0.0000,<LOD,5.7608,<LOD,185.5488,<LOD,2.3557,<LOD,95.9096,<LOD,29.3042,<LOD,2.2217,2853.6814 , 26.7228,3.0974 , 1.0008,
3099,Mining,19.25,19.23,,,,"Fri Mar 1, 2024 - 05:42:25",User,1.5,ppm,,,,,lmw9yellow,Mining,41.8096 , 36.7787,1491.7769 , 18.1191,<LOD,11.6017,805393.0625 , 1366.7345,14.4545 , 4.8645,<LOD,20.4537,<LOD,167.2327,<LOD,62.9534,1921.3407 , 27.4507,186584.9375 , 275.6226,<LOD,0.0000,<LOD,6.8015,399.5394 , 38.3171,<LOD,2.0327,<LOD,2.2153,88.9514 , 19.6453,1116.6218 , 11.3219,14.5087 , 9.7396,<LOD,1.1258,<LOD,0.0000,<LOD,29.9958,<LOD,3.1817,<LOD,19.3598,<LOD,1.0925,<LOD,0.0000,<LOD,6.2953,<LOD,181.2655,<LOD,2.2396,<LOD,97.7168,<LOD,25.8877,<LOD,2.1452,2928.3906 , 27.2944,4.6583 , 1.0245,
3100,Mining,19.83,19.64,,,,"Fri Mar 1, 2024 - 05:43:10",User,1.5,ppm,,,,,lmw9yellow,Mining,68.6969 , 60.4228,1599.3137 , 22.1477,<LOD,13.8370,783525.4375 , 1616.5490,9.7098 , 5.7031,39.9497 , 15.9828,<LOD,183.6964,<LOD,68.4445,2115.8906 , 30.6918,206797.2812 , 297.7671,<LOD,0.0000,<LOD,7.2643,456.5844 , 41.7498,<LOD,3.6166,2.0955 , 1.2093,68.2117 , 22.4765,2002.6708 , 16.1367,55.5339 , 10.8805,<LOD,1.6188,<LOD,0.0000,38.7044 , 31.4900,<LOD,5.5551,59.2299 , 14.3482,1.4260 , 0.5509,<LOD,0.0000,<LOD,8.2564,<LOD,193.3503,<LOD,2.6534,<LOD,101.2958,<LOD,29.1113,<LOD,2.8584,3155.1770 , 30.2420,4.0748 , 1.1782,
3101,Mining,20.27,19.76,,,,"Fri Mar 1, 2024 - 05:44:32",User,1.5,ppm,,,,,lmw9brown,Mining,156.0691 , 137.2155,1570.3888 , 63.4428,<LOD,40.6825,617900.2500 , 3543.0723,42.9023 , 15.9464,<LOD,23.2553,<LOD,267.9289,<LOD,93.8227,1082.3536 , 29.5005,356556.7812 , 413.8565,<LOD,0.0000,<LOD,14.7793,162.0717 , 46.8449,3.6381 , 2.1152,12.2332 , 1.9106,160.2026 , 41.4200,19662.9707 , 63.2778,<LOD,19.7838,<LOD,4.1865,<LOD,0.0000,232.8448 , 189.3657,<LOD,15.3813,508.1393 , 19.7338,4.2448 , 1.4326,<LOD,0.0000,<LOD,29.6120,544.9142 , 117.7894,<LOD,5.1334,<LOD,150.0557,<LOD,33.5585,<LOD,11.1837,1376.4203 , 26.4353,23.5401 , 3.0396,
3102,Mining,20.09,19.47,,,,"Fri Mar 1, 2024 - 05:45:03",User,1.5,ppm,,,,,lmw9brown,Mining,224.2456 , 197.1135,2138.0833 , 75.0889,<LOD,48.9431,577394.7500 , 4338.2646,73.1231 , 19.1191,<LOD,28.5552,<LOD,296.6616,<LOD,102.2666,1267.9376 , 34.4214,391907.9062 , 446.6049,<LOD,0.0000,<LOD,17.1391,208.7031 , 51.6378,5.1342 , 2.4081,22.8115 , 2.2558,164.3575 , 48.2785,23125.4277 , 74.2637,<LOD,26.3156,<LOD,4.7288,<LOD,0.0000,301.5276 , 245.1704,<LOD,19.0227,678.8270 , 22.7267,8.8842 , 1.7201,<LOD,0.0000,<LOD,34.5998,825.7994 , 129.4378,<LOD,5.7133,<LOD,154.9506,<LOD,37.4759,<LOD,13.0998,1611.2755 , 30.9437,41.1793 , 3.6308,
3103,Mining,19.88,19.19,,,,"Fri Mar 1, 2024 - 05:45:32",User,1.5,ppm,,,,,lmw9brown,Mining,208.6400 , 183.4037,2150.2795 , 73.3187,<LOD,48.0439,584300.5625 , 4208.1792,89.8448 , 18.8941,<LOD,25.9416,<LOD,291.6695,<LOD,103.3378,1243.4014 , 33.6660,385828.1250 , 441.3428,<LOD,0.0000,<LOD,16.7697,185.8430 , 50.6852,6.3769 , 2.3729,21.0512 , 2.2005,172.6930 , 47.0529,22553.7969 , 72.4155,<LOD,22.4879,<LOD,4.7979,<LOD,0.0000,290.8958 , 236.5356,<LOD,20.2936,664.7410 , 22.2693,8.5568 , 1.6765,<LOD,0.0000,<LOD,34.1737,694.0609 , 125.5401,<LOD,5.6115,<LOD,154.2306,<LOD,37.9253,<LOD,12.7824,1548.5367 , 29.9731,32.5983 , 3.4921,
3104,Mining,20.17,19.36,,,,"Fri Mar 1, 2024 - 05:46:46",User,1.5,ppm,,,,,lmw9wite,Mining,<LOD,12.4358,1159.0779 , 12.6753,<LOD,8.3173,823329.3125 , 1098.5884,<LOD,6.1627,<LOD,14.5915,<LOD,150.1555,<LOD,57.1218,1958.2920 , 25.5264,168831.4219 , 250.5605,<LOD,0.0000,<LOD,5.7051,625.7872 , 39.2226,<LOD,1.8081,<LOD,1.4260,88.2669 , 17.0348,175.1970 , 4.3458,<LOD,12.2783,<LOD,0.9920,<LOD,0.0000,<LOD,25.8823,<LOD,2.4574,<LOD,16.8485,<LOD,0.5266,<LOD,0.0000,<LOD,2.9109,<LOD,158.0693,<LOD,2.0578,<LOD,89.3310,<LOD,26.9701,<LOD,1.1821,3832.6289 , 28.6021,<LOD,1.1894,
3105,Mining,20.25,19.64,,,,"Fri Mar 1, 2024 - 05:47:25",User,1.5,ppm,,,,,lmw9wite,Mining,<LOD,12.7760,1515.1221 , 15.6089,<LOD,9.9366,808287.0000 , 1167.7759,<LOD,8.9678,<LOD,14.9418,<LOD,158.6330,<LOD,59.3997,2105.3064 , 27.3997,184018.6562 , 262.5526,<LOD,0.0000,<LOD,5.8430,462.3611 , 37.6583,<LOD,1.9077,<LOD,1.5367,113.7497 , 18.4952,443.0588 , 6.9230,<LOD,12.4575,<LOD,0.9966,<LOD,0.0000,<LOD,26.4763,<LOD,2.7859,<LOD,17.1509,<LOD,0.6275,<LOD,0.0000,<LOD,4.0574,<LOD,164.6516,<LOD,1.8323,<LOD,90.9667,<LOD,25.5289,<LOD,1.5125,3054.7830 , 26.6475,<LOD,1.7666,
3106,Mining,19.78,19.81,,,,"Fri Mar 1, 2024 - 05:47:59",User,1.5,ppm,,,,,lmw9wite,Mining,<LOD,13.5429,1680.7284 , 16.3380,9.3468 , 7.3128,800257.0625 , 1264.7799,6.4248 , 4.2571,<LOD,15.8673,<LOD,163.8730,<LOD,60.9417,2284.3638 , 29.0452,191553.0781 , 268.9855,<LOD,0.0000,<LOD,5.8768,478.9567 , 38.5863,<LOD,1.9967,<LOD,1.6027,80.1310 , 19.2621,337.1653 , 6.2189,<LOD,13.4193,<LOD,1.1919,<LOD,0.0000,<LOD,28.0320,<LOD,3.0314,<LOD,18.2310,<LOD,0.6679,<LOD,0.0000,<LOD,4.4785,<LOD,174.5495,<LOD,2.2000,<LOD,93.2598,<LOD,26.8089,<LOD,1.4987,3312.7844 , 28.2747,<LOD,1.9585,
3107,Mining,18.80,18.94,,,,"Fri Mar 1, 2024 - 05:49:46",User,1.5,ppm,,,,,mm12,Mining,13.0245 , 11.4553,3591.4797 , 27.0927,<LOD,15.8347,899566.6250 , 771.3957,71.7387 , 7.3165,<LOD,14.7801,<LOD,122.9640,<LOD,57.9304,371.2822 , 11.6709,88998.0000 , 221.9025,<LOD,0.0000,29.6618 , 5.2695,63.3926 , 27.9115,2.8505 , 1.3725,8.0671 , 1.1641,50.5515 , 11.5830,4351.5659 , 19.6451,13.6615 , 8.6409,21.3995 , 1.6697,<LOD,0.0000,146.7402 , 119.3831,6.2850 , 2.8204,137.9642 , 11.6086,14.6845 , 0.7054,<LOD,0.0000,<LOD,11.5441,1560.2151 , 156.4571,<LOD,4.8106,<LOD,175.7009,<LOD,15.7452,15.7825 , 2.5028,858.4966 , 13.5071,106.5134 , 2.1072,
3108,Mining,20.18,19.86,,,,"Fri Mar 1, 2024 - 05:50:23",User,1.5,ppm,,,,,mm12,Mining,<LOD,11.1373,3094.5786 , 23.4094,<LOD,13.9708,910318.5000 , 636.3093,67.5989 , 6.3700,<LOD,13.0480,<LOD,106.6179,<LOD,53.4387,379.6052 , 10.7266,79137.9766 , 196.7361,<LOD,0.0000,25.1968 , 4.6257,36.4096 , 24.5828,2.1543 , 1.2174,6.2220 , 1.0237,62.5960 , 9.8506,4080.8567 , 17.3017,<LOD,11.3716,23.6246 , 1.5276,<LOD,0.0000,60.2464 , 49.0220,5.5456 , 2.4967,30.9131 , 10.2452,14.7554 , 0.6330,<LOD,0.0000,<LOD,10.1771,1563.8978 , 146.2211,<LOD,4.1042,<LOD,126.2759,<LOD,15.3683,12.1811 , 2.1973,982.6066 , 13.1118,94.5351 , 1.8288,
3109,Mining,19.49,19.50,,,,"Fri Mar 1, 2024 - 05:51:02",User,1.5,ppm,,,,,mm12,Mining,<LOD,12.2559,2906.7715 , 24.9400,<LOD,15.1373,887469.5000 , 783.0433,59.7992 , 6.7045,<LOD,14.3528,<LOD,124.5132,<LOD,58.0155,405.5959 , 11.7250,102122.8203 , 222.5327,<LOD,0.0000,28.3920 , 4.8951,56.5790 , 27.2649,4.5857 , 1.3944,9.8511 , 1.1635,43.8332 , 11.8330,4320.9604 , 19.0130,<LOD,12.3887,16.2038 , 1.5355,<LOD,0.0000,45.8159 , 37.2808,5.3413 , 2.6711,<LOD,20.1186,8.2194 , 0.6155,<LOD,0.0000,<LOD,10.7546,1770.9569 , 150.8209,3.2882 , 2.0430,<LOD,104.2805,<LOD,13.9239,4.8893 , 2.3582,596.5600 , 11.0746,120.0361 , 2.1096,
3110,Mining,19.76,19.16,,,,"Fri Mar 1, 2024 - 05:52:28",User,1.5,ppm,,,,,mm13,Mining,83.4851 , 73.4029,4218.3345 , 59.8911,<LOD,38.3014,832222.0625 , 1312.5991,108.6843 , 15.4446,<LOD,18.8917,<LOD,171.1850,<LOD,131.8993,303.3340 , 13.1662,128640.0000 , 295.0780,<LOD,0.0000,45.5253 , 9.5521,66.9608 , 35.1728,4.8416 , 1.9004,34.1600 , 1.8696,36.1246 , 16.6110,27836.0781 , 56.9610,<LOD,16.1459,21.7353 , 3.2279,<LOD,0.0000,284.0479 , 231.0172,<LOD,9.8674,578.7120 , 16.1193,21.1894 , 1.4758,<LOD,0.0000,<LOD,29.2623,4803.9395 , 231.6952,<LOD,8.7817,<LOD,216.4842,<LOD,25.2737,<LOD,10.5682,582.3470 , 13.6561,108.4375 , 3.6315,
3111,Mining,19.75,19.22,,,,"Fri Mar 1, 2024 - 05:53:03",User,1.5,ppm,,,,,mm13,Mining,103.0759 , 90.6169,4286.6914 , 60.4040,<LOD,38.8237,829743.3750 , 1350.4224,120.1183 , 15.6543,<LOD,19.1312,<LOD,171.8681,<LOD,110.2693,287.4968 , 12.8832,129879.7500 , 294.1563,<LOD,0.0000,43.0769 , 9.6128,<LOD,88.4530,8.3503 , 1.9581,27.6741 , 1.8398,27.3404 , 16.8451,28629.5059 , 57.4114,<LOD,16.4778,21.3746 , 3.2393,<LOD,0.0000,342.0622 , 278.1671,<LOD,9.9386,711.3348 , 16.4605,19.0248 , 1.4718,<LOD,0.0000,<LOD,29.6765,4939.5469 , 232.5009,<LOD,7.3916,127.7362 , 87.1266,<LOD,34.4735,<LOD,10.8389,551.8112 , 13.3010,130.6678 , 3.7923,
3112,Mining,19.35,19.35,,,,"Fri Mar 1, 2024 - 05:53:36",User,1.5,ppm,,,,,mm13,Mining,126.5446 , 111.2315,5328.1035 , 63.3611,<LOD,40.9779,816107.3125 , 1501.6177,152.9238 , 16.6215,<LOD,19.7904,<LOD,180.7710,<LOD,79.3985,325.0042 , 13.8356,142173.6719 , 307.0377,<LOD,0.0000,55.9875 , 10.3123,48.8146 , 35.2416,5.6745 , 1.9559,28.0856 , 1.8929,<LOD,46.2997,29098.1816 , 59.4522,<LOD,17.1385,29.0139 , 3.4619,<LOD,0.0000,419.3372 , 340.9544,<LOD,12.0343,776.0286 , 17.1355,24.0785 , 1.5585,<LOD,0.0000,<LOD,30.9686,4609.3809 , 226.3116,<LOD,6.3552,<LOD,258.5943,<LOD,32.0615,<LOD,11.1990,583.1627 , 13.9881,108.6824 , 3.7731,
3113,Mining,20.41,19.83,,,,"Fri Mar 1, 2024 - 05:54:56",User,1.5,ppm,,,,,mm14,Mining,103.5791 , 91.0744,2307.9722 , 64.9561,<LOD,41.9934,754292.4375 , 1931.1106,105.1913 , 16.6951,<LOD,20.9623,<LOD,208.7373,<LOD,81.4027,392.2184 , 16.0241,208976.1719 , 340.7463,<LOD,0.0000,<LOD,14.1769,57.3540 , 38.1068,5.2012 , 1.9997,44.9357 , 1.9038,84.1658 , 23.8165,29705.7793 , 64.0849,<LOD,17.9130,17.0618 , 3.3221,<LOD,0.0000,231.3573 , 188.1726,<LOD,10.7906,461.4850 , 17.4326,10.4752 , 1.5181,<LOD,0.0000,<LOD,31.7912,2605.4395 , 175.4766,<LOD,5.6356,<LOD,157.9623,<LOD,22.4220,<LOD,11.1275,524.8319 , 14.2639,74.3207 , 3.6126,
3114,Mining,19.56,19.03,,,,"Fri Mar 1, 2024 - 05:55:43",User,1.5,ppm,,,,,mm14,Mining,24.3589 , 21.4284,1632.5394 , 46.8532,<LOD,30.0563,794707.2500 , 1397.8804,59.9610 , 11.9397,<LOD,17.6601,<LOD,177.0369,<LOD,73.3283,344.3233 , 13.5294,181745.8750 , 296.3872,<LOD,0.0000,12.8671 , 7.1634,<LOD,87.8580,<LOD,3.9110,27.5848 , 1.5624,141.2788 , 19.5182,18635.5684 , 46.2103,<LOD,14.9310,26.9974 , 2.6279,<LOD,0.0000,<LOD,36.1257,<LOD,7.8135,36.8652 , 14.0585,17.5326 , 1.1935,<LOD,0.0000,<LOD,22.6800,2075.8655 , 154.7810,<LOD,4.3176,<LOD,123.5589,<LOD,17.8717,<LOD,7.9594,454.1174 , 11.9057,57.0115 , 2.6794,
3115,Mining,19.23,19.37,,,,"Fri Mar 1, 2024 - 05:56:22",User,1.5,ppm,,,,,mm14,Mining,11.5040 , 9.8728,1327.6866 , 38.7153,<LOD,24.8828,822655.1875 , 1216.6533,46.4289 , 9.9035,<LOD,17.1017,<LOD,164.7870,<LOD,67.3451,230.5826 , 11.1518,160148.8281 , 280.9970,<LOD,0.0000,13.2975 , 6.1503,61.9245 , 32.4366,<LOD,2.3644,18.3993 , 1.3788,112.8355 , 17.3145,13257.6045 , 38.0029,<LOD,14.5064,12.2576 , 2.0995,<LOD,0.0000,<LOD,31.1951,<LOD,6.4618,<LOD,32.0090,5.0550 , 0.9150,<LOD,0.0000,<LOD,18.5721,1636.3291 , 148.1814,<LOD,3.9247,<LOD,165.6649,<LOD,15.8045,<LOD,6.3762,384.2667 , 10.6232,77.7821 , 2.4897,
3116,Mining,19.53,19.63,,,,"Fri Mar 1, 2024 - 05:57:54",User,1.5,ppm,,,,,mm15,Mining,<LOD,13.1753,1331.3665 , 36.1866,<LOD,23.2672,873488.6875 , 863.2963,82.3347 , 9.5644,<LOD,15.2284,<LOD,132.7734,<LOD,61.7716,336.0634 , 11.5631,106486.1953 , 239.4720,<LOD,0.0000,26.1615 , 5.9594,<LOD,43.2251,<LOD,3.0646,19.7892 , 1.3311,94.4845 , 12.5859,14325.6582 , 35.4852,<LOD,12.9659,31.2335 , 2.2628,<LOD,0.0000,<LOD,27.9391,<LOD,6.0679,<LOD,18.1352,17.9889 , 0.9699,<LOD,0.0000,<LOD,17.7473,3317.7339 , 185.6166,<LOD,4.3754,<LOD,124.8898,<LOD,14.6268,<LOD,6.2924,319.5830 , 8.9095,122.7000 , 2.5966,
3117,Mining,19.80,19.71,,,,"Fri Mar 1, 2024 - 05:58:40",User,1.5,ppm,,,,,mm15,Mining,10.7444 , 9.1389,1403.1450 , 38.1047,<LOD,24.1529,869299.3125 , 922.2945,56.1326 , 9.7860,<LOD,15.7822,<LOD,138.2854,<LOD,64.7612,346.5997 , 11.9968,109720.7031 , 246.5893,<LOD,0.0000,28.0727 , 6.2117,36.0731 , 29.1748,2.9579 , 1.5539,23.4410 , 1.4025,83.1441 , 13.3627,15197.5537 , 37.3054,<LOD,13.5411,31.8867 , 2.3519,<LOD,0.0000,47.2863 , 38.4772,<LOD,7.3326,70.8297 , 12.5105,18.2556 , 1.0140,<LOD,0.0000,<LOD,18.6258,3132.7329 , 185.1447,<LOD,4.7232,<LOD,172.9381,<LOD,14.7486,<LOD,6.6152,362.4367 , 9.6293,128.6899 , 2.7474,
3118,Mining,19.31,19.41,,,,"Fri Mar 1, 2024 - 05:59:23",User,1.5,ppm,,,,,mm15,Mining,21.9589 , 19.3151,1659.0201 , 46.1213,<LOD,30.1743,834734.2500 , 1179.5303,56.9924 , 11.7270,<LOD,17.7832,<LOD,162.5467,<LOD,68.2778,398.7119 , 13.8828,139785.2500 , 280.5456,<LOD,0.0000,20.7548 , 7.2120,<LOD,56.4364,<LOD,3.4850,26.8256 , 1.5492,82.9735 , 16.3167,19038.6348 , 45.4274,<LOD,15.1709,42.4952 , 2.8491,<LOD,0.0000,74.1099 , 60.2991,<LOD,7.7850,106.9971 , 14.1535,17.1515 , 1.1773,<LOD,0.0000,<LOD,22.3773,3537.1519 , 194.5247,<LOD,4.5331,<LOD,144.5131,<LOD,16.5127,<LOD,7.9445,285.0210 , 9.5674,111.6461 , 3.0229,
3119,Mining,20.17,19.62,,,,"Fri Mar 1, 2024 - 06:01:01",User,1.5,ppm,,,,,mm16,Mining,56.3246 , 49.5348,1034.9020 , 46.6838,<LOD,30.5430,884249.8750 , 860.7449,94.1630 , 12.1377,<LOD,16.5411,<LOD,130.8612,<LOD,68.6444,359.3168 , 12.3132,84227.7109 , 238.1511,<LOD,0.0000,46.2344 , 7.4905,<LOD,76.5740,3.4101 , 1.6208,32.7992 , 1.5550,42.5221 , 12.0217,24132.5449 , 46.5648,<LOD,14.1738,35.2372 , 2.8078,<LOD,0.0000,149.9279 , 121.9672,<LOD,7.9588,288.6182 , 13.5257,23.6823 , 1.2499,<LOD,0.0000,<LOD,23.4842,4548.3242 , 225.4452,<LOD,4.8314,140.4338 , 85.3269,<LOD,16.1235,<LOD,8.5549,426.4662 , 10.4966,107.5231 , 3.0158,
3120,Mining,19.96,19.97,,,,"Fri Mar 1, 2024 - 06:01:41",User,1.5,ppm,,,,,mm16,Mining,30.5394 , 26.8605,669.8034 , 43.0010,<LOD,27.8353,893963.7500 , 773.0092,87.1539 , 11.1837,<LOD,15.6458,<LOD,120.1997,<LOD,66.1941,263.9430 , 10.4947,77107.3047 , 223.6307,<LOD,0.0000,39.0733 , 6.8417,39.5659 , 28.2938,2.7463 , 1.5412,30.5946 , 1.4698,63.6096 , 10.9499,22455.6230 , 43.0611,<LOD,13.3803,36.0025 , 2.6438,<LOD,0.0000,114.8249 , 93.4196,<LOD,7.2797,278.8713 , 12.7466,28.7347 , 1.2017,<LOD,0.0000,<LOD,21.7102,4134.8125 , 214.0343,<LOD,6.1099,123.7891 , 81.6760,<LOD,15.4180,<LOD,7.9354,411.9820 , 9.8861,117.2484 , 2.8864,
3121,Mining,19.36,19.14,,,,"Fri Mar 1, 2024 - 06:02:19",User,1.5,ppm,,,,,mm16,Mining,65.1752 , 57.3140,901.5985 , 48.9654,<LOD,32.4117,881004.8125 , 925.4023,96.8804 , 12.7316,<LOD,17.2460,<LOD,135.9087,<LOD,71.7822,404.8961 , 13.3084,86352.8359 , 246.9932,<LOD,0.0000,43.3307 , 7.8106,<LOD,61.7189,<LOD,4.1071,30.1555 , 1.5969,37.6721 , 12.3835,25329.6074 , 48.9971,<LOD,14.8687,34.9764 , 2.9431,<LOD,0.0000,191.1570 , 155.4953,<LOD,8.3473,363.6343 , 14.1913,21.6264 , 1.2953,<LOD,0.0000,<LOD,24.7874,4541.3921 , 230.7442,<LOD,5.3293,<LOD,248.0094,<LOD,19.5227,<LOD,9.0901,462.9025 , 11.2167,117.3951 , 3.2154,
3122,Mining,20.16,19.73,,,,"Fri Mar 1, 2024 - 06:04:31",User,1.5,ppm,,,,,mm17,Mining,39.2415 , 34.5141,1057.4023 , 44.0852,<LOD,28.5275,892838.3750 , 811.0491,85.0674 , 11.4326,<LOD,16.1454,<LOD,125.5073,<LOD,68.1548,179.7952 , 9.3128,78910.2344 , 229.0145,<LOD,0.0000,29.9772 , 6.8711,39.6387 , 28.8851,3.4228 , 1.5469,34.8752 , 1.4829,30.6391 , 11.4029,22243.2637 , 43.6154,<LOD,14.0575,47.2178 , 2.8086,<LOD,0.0000,108.4838 , 88.2602,<LOD,7.3694,172.5850 , 12.8558,22.9067 , 1.1785,<LOD,0.0000,<LOD,22.0424,3620.9517 , 207.7508,<LOD,5.6054,171.0784 , 82.5000,<LOD,14.8075,<LOD,7.8927,268.7440 , 8.4044,96.0952 , 2.8055,
3123,Mining,19.64,19.58,,,,"Fri Mar 1, 2024 - 06:05:08",User,1.5,ppm,,,,,mm17,Mining,32.8558 , 28.8993,1092.8921 , 42.0364,<LOD,27.0313,899823.1250 , 757.2947,54.6968 , 10.6949,<LOD,15.6749,<LOD,120.0869,<LOD,66.3730,169.5824 , 8.9892,73647.2734 , 222.0118,<LOD,0.0000,26.8269 , 6.5560,49.9656 , 28.6090,4.4602 , 1.5214,29.6768 , 1.4397,42.9983 , 10.9664,20585.8164 , 41.5008,<LOD,13.6209,58.4078 , 2.8288,<LOD,0.0000,80.0720 , 65.1485,<LOD,7.0398,99.0630 , 12.4021,29.7040 , 1.1794,<LOD,0.0000,<LOD,20.8929,3512.6499 , 206.0799,<LOD,6.0905,235.9688 , 84.1197,<LOD,14.7369,<LOD,7.5690,331.0999 , 9.0153,92.8749 , 2.7091,
3124,Mining,20.29,19.69,,,,"Fri Mar 1, 2024 - 06:05:45",User,1.5,ppm,,,,,mm17,Mining,31.6653 , 27.8523,1151.8943 , 42.6969,<LOD,27.4713,898057.1250 , 755.7208,70.8713 , 10.9707,<LOD,15.5524,<LOD,119.2647,<LOD,66.4332,182.5999 , 9.1074,73881.7578 , 219.9142,<LOD,0.0000,23.5408 , 6.5481,<LOD,58.7867,5.0118 , 1.5230,33.5885 , 1.4408,27.1693 , 10.6073,21792.7188 , 42.1799,<LOD,13.4794,58.2338 , 2.8324,<LOD,0.0000,77.1942 , 62.8074,<LOD,7.1932,104.9669 , 12.3333,28.1776 , 1.1771,<LOD,0.0000,<LOD,21.2774,3715.4414 , 207.0293,<LOD,5.1110,203.5249 , 82.7435,<LOD,14.9228,<LOD,7.6390,457.8816 , 10.2576,96.7048 , 2.7404,
3125,Mining,19.31,19.06,,,,"Fri Mar 1, 2024 - 06:07:37",User,1.5,ppm,,,,,mm18,Mining,36.8624 , 32.4240,505.8315 , 50.8722,<LOD,33.9079,899302.0625 , 794.3270,89.9764 , 13.1507,<LOD,17.0369,<LOD,125.3732,<LOD,72.9301,309.9143 , 11.9631,66209.1406 , 231.8320,<LOD,0.0000,44.8629 , 7.9821,100.2168 , 32.3749,3.0462 , 1.6929,35.8299 , 1.6438,18.9182 , 11.2913,27947.5859 , 51.0432,<LOD,14.5450,48.8241 , 3.2162,<LOD,0.0000,63.3879 , 51.5748,<LOD,8.6923,379.7824 , 14.0960,23.2210 , 1.3633,<LOD,0.0000,<LOD,25.7026,4153.6445 , 236.1294,<LOD,5.9073,127.6423 , 90.1475,<LOD,17.0580,<LOD,9.6071,488.3815 , 11.4626,110.8704 , 3.2767,
3126,Mining,19.79,19.30,,,,"Fri Mar 1, 2024 - 06:08:16",User,1.5,ppm,,,,,mm18,Mining,13.6776 , 12.0324,763.5837 , 47.4788,<LOD,31.0030,898987.2500 , 760.9848,83.0413 , 12.2411,<LOD,15.8697,<LOD,121.4707,<LOD,66.9153,307.6708 , 11.4382,68548.9141 , 224.6994,<LOD,0.0000,33.6502 , 7.3479,65.5104 , 29.7752,<LOD,2.3401,35.0473 , 1.5295,23.6919 , 10.9717,25976.8418 , 47.5477,<LOD,13.3973,46.4087 , 2.9867,<LOD,0.0000,<LOD,35.5259,<LOD,8.0614,229.3040 , 12.9978,23.0145 , 1.2666,<LOD,0.0000,<LOD,23.8357,4273.8096 , 227.3165,<LOD,7.2460,<LOD,223.0490,<LOD,20.4094,<LOD,8.7389,484.5140 , 10.9531,104.0424 , 3.0309,
3127,Mining,20.72,,,,,"Fri Mar 1, 2024 - 06:08:55",User,1.5,ppm,,,,,mm18,Mining,52.8676 , 46.4983,374.4805 , 49.2136,<LOD,32.6000,901317.1250 , 759.7372,66.2681 , 12.5432,<LOD,16.4495,<LOD,118.0401,<LOD,74.0962,282.2165 , 11.0662,63195.5352 , 219.2756,<LOD,0.0000,40.7595 , 7.6497,56.8237 , 29.6747,<LOD,3.4249,37.7738 , 1.5766,25.0912 , 10.7968,28749.5020 , 49.3828,<LOD,14.1134,44.4863 , 3.0493,<LOD,0.0000,99.6145 , 81.0436,<LOD,8.3874,429.2493 , 13.6482,24.0348 , 1.3247,<LOD,0.0000,<LOD,24.8447,4477.0981 , 233.6553,<LOD,5.6489,142.1530 , 88.4407,<LOD,22.9670,<LOD,9.2879,473.3763 , 10.8195,111.5406 , 3.1845,
3128,Mining,19.76,19.93,,,,"Fri Mar 1, 2024 - 06:10:11",User,1.5,ppm,,,,,mm19,Mining,115.9728 , 101.9558,1881.4264 , 51.8253,<LOD,33.6473,759176.6875 , 1816.5920,80.3654 , 13.3804,<LOD,19.3651,<LOD,197.7513,<LOD,76.5836,588.9292 , 18.1222,212555.1094 , 323.7335,<LOD,0.0000,99.5007 , 9.6793,124.1148 , 37.9130,7.4428 , 1.9207,22.3545 , 1.7751,142.5144 , 23.2106,19733.9473 , 50.9022,<LOD,16.6470,30.0032 , 3.0362,<LOD,0.0000,322.9521 , 262.6287,<LOD,14.4494,623.3917 , 16.6378,16.6260 , 1.3181,<LOD,0.0000,<LOD,25.2774,3404.1641 , 180.5670,<LOD,5.5884,<LOD,135.9552,<LOD,22.5503,<LOD,9.3020,967.3563 , 18.0536,107.1505 , 3.3050,
3129,Mining,20.01,19.65,,,,"Fri Mar 1, 2024 - 06:10:48",User,1.5,ppm,,,,,mm19,Mining,135.9170 , 119.4781,1544.8921 , 51.4657,<LOD,33.0098,746069.6875 , 1964.7438,90.4125 , 13.4202,<LOD,19.3832,<LOD,203.2333,<LOD,77.1900,580.9157 , 18.1950,226445.2188 , 328.5840,<LOD,0.0000,51.4100 , 8.8406,61.8208 , 36.8243,7.8867 , 1.9008,19.1844 , 1.7201,102.8121 , 24.8464,19474.4121 , 50.9520,<LOD,16.6259,28.2345 , 2.9752,<LOD,0.0000,363.7664 , 295.7914,<LOD,9.6621,760.6062 , 16.8857,18.7332 , 1.3303,<LOD,0.0000,<LOD,25.3965,3077.1311 , 171.7702,<LOD,5.2438,120.8807 , 71.2265,<LOD,23.7744,<LOD,9.2705,949.9822 , 18.0482,96.0928 , 3.2374,
3130,Mining,18.95,18.97,,,,"Fri Mar 1, 2024 - 06:11:26",User,1.5,ppm,,,,,mm19,Mining,124.6563 , 109.5801,1927.4211 , 52.0021,<LOD,33.8374,753640.6250 , 1896.0640,97.2639 , 13.6275,<LOD,19.8299,<LOD,204.8123,<LOD,79.9354,589.6165 , 18.5922,219352.0312 , 333.1039,<LOD,0.0000,63.9202 , 9.1945,93.7809 , 38.2677,5.0941 , 1.9356,19.4818 , 1.7779,117.1211 , 24.6251,18666.3086 , 50.9231,<LOD,17.0407,29.2930 , 3.0763,<LOD,0.0000,371.1408 , 301.7900,<LOD,8.7802,724.1379 , 17.2855,18.1621 , 1.3344,<LOD,0.0000,<LOD,25.4725,3092.2610 , 177.7276,<LOD,6.9282,<LOD,172.9588,<LOD,23.2968,<LOD,9.2679,965.1437 , 18.4913,102.5513 , 3.3136,
3131,Mining,19.84,19.06,,,,"Fri Mar 1, 2024 - 06:13:52",User,1.5,ppm,,,,,mm20,Mining,82.7671 , 72.7916,1436.7372 , 33.8517,<LOD,22.0395,777055.6875 , 1726.0425,30.3929 , 8.7129,<LOD,18.6887,<LOD,191.6091,<LOD,73.1428,449.0302 , 15.8895,210748.7500 , 313.3709,<LOD,0.0000,<LOD,11.7859,65.3813 , 35.6757,5.5223 , 1.7083,5.5992 , 1.4811,128.2250 , 23.1229,7543.5244 , 31.7940,<LOD,25.8690,53.9879 , 2.7660,<LOD,0.0000,103.3939 , 84.1138,<LOD,6.2678,265.6963 , 15.0507,56.6946 , 1.3624,<LOD,0.0000,<LOD,15.6784,1405.4208 , 139.4491,<LOD,5.9245,<LOD,134.8574,<LOD,19.7650,18.4303 , 4.0160,480.0224 , 12.8765,64.7899 , 2.4066,
3132,Mining,20.36,19.96,,,,"Fri Mar 1, 2024 - 06:14:37",User,1.5,ppm,,,,,mm20,Mining,131.4566 , 115.5900,1442.4561 , 35.5208,<LOD,22.7111,741270.7500 , 2011.7618,48.1132 , 9.3497,<LOD,19.1437,<LOD,198.7553,<LOD,73.7041,501.9987 , 16.7382,245310.2812 , 317.7872,<LOD,0.0000,<LOD,14.7404,85.2182 , 36.2748,5.1174 , 1.7367,4.8522 , 1.5045,122.0520 , 25.8198,8501.1426 , 33.7871,50.0720 , 11.2247,48.6977 , 2.6504,<LOD,0.0000,180.9949 , 147.2153,<LOD,8.2272,412.9059 , 15.7146,63.7186 , 1.4416,<LOD,0.0000,<LOD,16.5446,1140.6230 , 125.5142,<LOD,3.7378,<LOD,120.7306,<LOD,20.8063,32.0935 , 4.3119,560.7001 , 13.8638,86.7691 , 2.6316,
3133,Mining,19.64,18.95,,,,"Fri Mar 1, 2024 - 06:15:13",User,1.5,ppm,,,,,mm20,Mining,106.3501 , 93.5223,1383.9490 , 33.3129,<LOD,21.2994,768496.1875 , 1785.0342,50.2575 , 8.8529,<LOD,18.5963,<LOD,189.0788,<LOD,73.0789,443.0569 , 15.4647,218912.8750 , 307.1983,<LOD,0.0000,<LOD,10.4232,72.5116 , 35.1857,6.3316 , 1.6941,6.0824 , 1.4694,128.1455 , 23.3325,7760.6177 , 31.5038,53.4734 , 10.9416,50.0210 , 2.6426,<LOD,0.0000,148.5932 , 120.8717,<LOD,6.0125,354.7903 , 15.1235,57.7917 , 1.3446,<LOD,0.0000,<LOD,15.7602,1356.3127 , 133.3026,<LOD,4.7169,<LOD,118.0289,<LOD,19.4853,25.1627 , 4.0069,513.1823 , 12.9612,74.3109 , 2.4453,
3134,Mining,18.81,18.96,,,,"Fri Mar 1, 2024 - 06:16:54",User,1.5,ppm,,,,,mm21,Mining,160.0144 , 140.6404,2083.5635 , 43.6789,<LOD,27.9928,780764.3125 , 1887.9089,78.5866 , 11.5471,58.8121 , 23.5122,<LOD,199.0946,<LOD,125.8244,805.8503 , 21.1389,199638.0781 , 328.7964,<LOD,0.0000,11.5061 , 7.3329,99.2522 , 38.3132,<LOD,4.1675,4.7148 , 1.6110,76.4657 , 23.5263,12135.9697 , 41.2436,84.7521 , 11.8550,53.3311 , 3.0960,<LOD,0.0000,405.3118 , 329.5253,<LOD,8.4424,699.4136 , 17.0081,46.2873 , 1.4266,<LOD,0.0000,<LOD,20.9007,1825.8384 , 158.6160,<LOD,6.2282,<LOD,203.4485,<LOD,31.5727,23.6290 , 5.2160,853.8481 , 17.4248,90.4030 , 2.9418,
3135,Mining,19.10,19.21,,,,"Fri Mar 1, 2024 - 06:17:34",User,1.5,ppm,,,,,mm21,Mining,211.6431 , 185.9846,2766.9792 , 52.4530,<LOD,33.1641,748228.9375 , 2250.3772,71.7021 , 13.4965,45.7078 , 18.2701,<LOD,216.5232,<LOD,79.8575,1043.3380 , 24.8862,226126.4062 , 351.0014,<LOD,0.0000,19.4386 , 8.6810,155.8531 , 41.0932,7.4157 , 1.9680,7.0096 , 1.8539,<LOD,61.4234,16043.3496 , 49.5166,85.5062 , 12.5938,60.4281 , 3.5199,<LOD,0.0000,474.4465 , 385.6637,<LOD,8.5419,840.3522 , 18.4609,54.5912 , 1.6588,<LOD,0.0000,<LOD,24.8588,2458.7908 , 171.0167,<LOD,5.3497,<LOD,205.3057,<LOD,32.8550,49.7966 , 6.3832,1171.2507 , 21.2073,77.0584 , 3.1929,
3136,Mining,19.71,19.18,,,,"Fri Mar 1, 2024 - 06:18:10",User,1.5,ppm,,,,,mm21,Mining,91.3635 , 80.3340,2993.4109 , 52.5702,<LOD,33.3772,726114.2500 , 2016.8149,76.8372 , 13.5536,<LOD,20.8647,<LOD,217.6114,<LOD,83.6360,1132.9945 , 25.7101,249214.5469 , 345.0833,<LOD,0.0000,19.6110 , 8.6586,76.6785 , 39.3095,5.5613 , 2.0040,9.1857 , 1.8387,118.0017 , 27.7699,15972.0234 , 49.5827,<LOD,17.5925,58.4681 , 3.4404,<LOD,0.0000,241.4696 , 196.3982,<LOD,10.9299,450.4583 , 17.5306,49.2240 , 1.6039,<LOD,0.0000,<LOD,24.6932,2010.2102 , 154.3735,<LOD,5.1146,<LOD,178.1110,<LOD,26.7374,13.6593 , 6.1896,1267.4124 , 21.9064,84.5787 , 3.2325,
3137,Mining,20.19,19.51,,,,"Fri Mar 1, 2024 - 06:20:20",User,1.5,ppm,,,,,mm22,Mining,183.2551 , 161.0335,2264.0955 , 76.0787,<LOD,49.0934,723042.3750 , 2327.2151,146.5598 , 19.7665,<LOD,22.8519,<LOD,228.5958,<LOD,90.6909,1059.1390 , 25.9233,229599.1562 , 369.6020,<LOD,0.0000,43.6802 , 11.7355,83.0345 , 41.6715,8.8394 , 2.3761,31.6129 , 2.3223,112.6568 , 27.1563,37000.2656 , 75.6699,<LOD,19.5045,23.4744 , 4.1684,<LOD,0.0000,546.9407 , 444.5790,<LOD,12.6817,1123.2872 , 20.7064,16.8071 , 1.8589,<LOD,0.0000,<LOD,38.3446,3057.2446 , 190.1233,7.3452 , 5.1146,<LOD,190.8923,<LOD,30.5263,<LOD,14.3405,1546.6646 , 24.9094,103.5635 , 4.4828,
3138,Mining,19.66,18.93,,,,"Fri Mar 1, 2024 - 06:21:18",User,1.5,ppm,,,,,mm22,Mining,145.8611 , 128.2125,1167.2274 , 74.8257,<LOD,49.1480,773723.7500 , 1858.2571,89.1360 , 18.9969,<LOD,19.5404,<LOD,206.7653,<LOD,105.4562,673.4364 , 20.3724,177634.6719 , 351.0832,<LOD,0.0000,<LOD,24.7431,140.1467 , 41.2544,<LOD,2.9722,41.1402 , 2.1232,103.1355 , 22.1890,40894.4844 , 74.6668,<LOD,16.2951,20.3864 , 3.9790,<LOD,0.0000,388.6125 , 315.9775,<LOD,12.4829,949.8397 , 18.0491,14.7404 , 1.8430,<LOD,0.0000,<LOD,37.8093,2921.0254 , 196.5618,<LOD,6.8399,<LOD,204.9178,<LOD,26.1869,<LOD,14.2815,1018.7529 , 19.5585,73.6570 , 4.2659,
3139,Mining,20.42,19.73,,,,"Fri Mar 1, 2024 - 06:22:03",User,1.5,ppm,,,,,mm22,Mining,179.7915 , 158.0067,899.3195 , 77.2004,<LOD,50.5530,782444.0000 , 1887.6041,81.4302 , 19.5474,<LOD,20.3962,<LOD,209.9916,<LOD,146.6308,639.9959 , 20.5176,168890.5000 , 361.2333,<LOD,0.0000,<LOD,17.6236,61.7094 , 40.4940,<LOD,4.8183,37.6738 , 2.1378,91.9396 , 21.9998,41536.0547 , 77.1982,<LOD,17.1456,15.2792 , 4.0651,<LOD,0.0000,480.4068 , 390.5388,<LOD,12.9572,1057.6726 , 18.8679,9.0247 , 1.8644,<LOD,0.0000,<LOD,38.9613,2543.4297 , 197.9919,<LOD,7.1457,<LOD,245.9369,<LOD,28.0517,<LOD,14.8495,974.0397 , 19.6974,57.7808 , 4.2816,
3140,Mining,19.70,19.66,,,,"Fri Mar 1, 2024 - 06:24:08",User,1.5,ppm,,,,,mm23brown,Mining,97.3223 , 85.5723,1336.4845 , 35.9708,<LOD,23.3076,779455.5625 , 1656.3920,34.8722 , 9.2323,<LOD,21.9309,<LOD,186.7082,<LOD,73.8251,923.1908 , 21.0378,203858.2344 , 306.1136,<LOD,0.0000,21.2688 , 6.5200,102.1444 , 35.6992,4.5266 , 1.7213,6.4134 , 1.5414,59.7010 , 22.0301,9618.4326 , 34.7176,<LOD,26.2906,58.2353 , 2.8602,<LOD,0.0000,243.6573 , 198.1751,<LOD,7.8570,572.1840 , 15.5546,35.0610 , 1.1921,<LOD,0.0000,<LOD,17.1339,2414.6550 , 158.3634,<LOD,7.0265,<LOD,211.6081,<LOD,25.0009,38.8538 , 4.4647,1023.5101 , 17.7900,95.7103 , 2.6735,
3141,Mining,19.82,19.58,,,,"Fri Mar 1, 2024 - 06:24:44",User,1.5,ppm,,,,,mm23brown,Mining,119.0572 , 104.6723,1317.6570 , 38.0069,<LOD,24.9748,783856.0000 , 1742.5269,46.9243 , 9.9073,<LOD,24.8859,<LOD,193.8278,<LOD,76.6281,913.2952 , 21.9034,199003.3750 , 318.7568,<LOD,0.0000,32.0595 , 7.0670,117.7947 , 37.6526,6.0762 , 1.8053,9.7945 , 1.6340,89.7106 , 22.8222,9906.8896 , 36.7517,41.5498 , 11.3616,58.0243 , 3.0053,<LOD,0.0000,288.3219 , 234.4781,<LOD,8.6170,652.0886 , 16.4542,37.9914 , 1.2806,<LOD,0.0000,<LOD,18.2997,2399.4216 , 166.9280,<LOD,6.5552,<LOD,181.3578,<LOD,22.4344,30.2434 , 4.6863,980.7185 , 18.2299,93.0313 , 2.7887,
3142,Mining,19.07,19.17,,,,"Fri Mar 1, 2024 - 06:27:20",User,1.5,ppm,,,,,mm23brown,Mining,103.7628 , 91.2399,1095.7472 , 34.0730,<LOD,22.5724,803458.8125 , 1535.8776,47.5032 , 8.9975,<LOD,18.5507,<LOD,182.9287,<LOD,75.7082,857.5674 , 20.4825,181274.2188 , 302.2744,<LOD,0.0000,22.5717 , 6.3202,111.5801 , 36.1975,5.9808 , 1.7345,8.8150 , 1.5163,60.1461 , 20.7542,8601.7822 , 33.0341,30.7713 , 10.7953,72.9439 , 3.0214,<LOD,0.0000,203.0869 , 165.1861,<LOD,5.8734,462.9908 , 15.2929,47.9606 , 1.2875,<LOD,0.0000,<LOD,16.4414,2375.1423 , 166.0338,<LOD,4.5195,114.3322 , 70.9185,<LOD,21.1515,22.9846 , 4.2139,914.4370 , 16.9871,106.8915 , 2.7319,
3143,Mining,18.98,18.97,,,,"Fri Mar 1, 2024 - 06:28:58",User,1.5,ppm,,,,,mm23brown,Mining,110.0674 , 96.7757,975.9184 , 30.4695,<LOD,19.5087,772420.3750 , 1808.1863,17.9871 , 7.8309,<LOD,26.3915,<LOD,204.4843,<LOD,74.0450,1843.5165 , 30.3672,214025.1094 , 318.3477,<LOD,0.0000,<LOD,10.9107,303.7469 , 41.2878,7.8628 , 1.7632,2.9903 , 1.4991,<LOD,60.2474,6041.2568 , 29.1186,32.0553 , 11.1526,27.3647 , 2.2483,<LOD,0.0000,249.5406 , 202.9541,<LOD,5.1110,652.9081 , 16.2351,21.4636 , 1.0148,<LOD,0.0000,<LOD,14.0712,611.7264 , 122.8074,<LOD,5.1021,<LOD,118.8779,<LOD,0.0000,46.0868 , 3.8445,2537.2195 , 28.6475,72.7914 , 2.3795,
3144,Mining,20.27,19.91,,,,"Fri Mar 1, 2024 - 06:30:11",User,1.5,ppm,,,,,mm23brown,Mining,113.2352 , 99.5763,924.5193 , 31.2246,<LOD,20.1568,783029.0000 , 1577.5326,46.7562 , 8.3146,<LOD,17.6165,<LOD,178.5626,<LOD,69.2134,1183.6162 , 22.6776,203141.5312 , 291.4027,<LOD,0.0000,13.8279 , 5.4097,168.7833 , 35.5135,5.4663 , 1.6098,4.6427 , 1.4186,75.8485 , 21.2092,8009.3052 , 30.5658,22.2434 , 10.2604,66.5465 , 2.7532,<LOD,0.0000,145.6286 , 118.4594,<LOD,7.8494,333.9584 , 14.3529,45.3953 , 1.1961,<LOD,0.0000,<LOD,15.2072,1073.4011 , 125.5332,<LOD,3.7863,<LOD,113.3921,<LOD,0.0000,39.6111 , 3.9741,1481.4832 , 20.3097,75.2054 , 2.3435,
3145,Mining,19.36,19.31,,,,"Fri Mar 1, 2024 - 06:31:11",User,1.5,ppm,,,,,mm23brown,Mining,37.1610 , 32.6861,586.0955 , 21.3953,<LOD,14.6442,858637.0000 , 1198.7050,<LOD,7.9859,<LOD,15.8002,<LOD,287.4135,<LOD,70.8010,1058.0386 , 23.0733,134644.2812 , 297.7274,<LOD,0.0000,<LOD,7.3956,244.6050 , 39.8477,<LOD,2.0679,<LOD,1.7053,<LOD,26.8661,2911.1057 , 19.8695,<LOD,13.4552,10.9522 , 1.5715,<LOD,0.0000,74.0607 , 60.2576,<LOD,3.7749,217.2121 , 12.8267,7.2742 , 0.6958,<LOD,0.0000,<LOD,9.3607,<LOD,244.0819,<LOD,3.0613,<LOD,111.8041,<LOD,0.0000,<LOD,5.3494,1552.8878 , 22.2199,19.2958 , 1.5117,
3146,Mining,19.15,19.00,,,,"Fri Mar 1, 2024 - 06:32:30",User,1.5,ppm,,,,,mm24,Mining,255.2122 , 224.2315,3398.5662 , 84.5923,<LOD,55.5046,751239.0000 , 2464.4272,179.1304 , 22.1654,30.2566 , 16.7846,<LOD,232.8398,<LOD,102.8302,484.5497 , 19.6068,195676.5938 , 386.1949,<LOD,0.0000,26.3066 , 12.6550,117.6172 , 44.8657,7.4278 , 2.4708,35.6542 , 2.5002,127.5258 , 25.8184,41117.0469 , 82.9183,90.2256 , 14.7521,42.8272 , 4.8869,<LOD,0.0000,567.9531 , 461.5899,<LOD,14.2661,1548.2039 , 23.3030,28.8334 , 2.1522,<LOD,0.0000,<LOD,42.6133,3933.3716 , 230.2101,<LOD,13.3821,157.4666 , 92.4755,<LOD,36.6494,<LOD,16.1332,819.6341 , 19.4655,116.5302 , 5.0313,
3147,Mining,19.54,18.97,,,,"Fri Mar 1, 2024 - 06:33:09",User,1.5,ppm,,,,,mm24,Mining,225.7448 , 198.3692,3216.2502 , 78.3371,<LOD,51.3893,754447.8125 , 2268.3044,170.9943 , 20.5195,<LOD,23.5988,<LOD,221.3880,<LOD,91.3031,584.1737 , 20.1205,195816.9219 , 366.1700,<LOD,0.0000,34.7372 , 11.9880,125.8126 , 42.7045,7.1395 , 2.2977,31.9675 , 2.3001,123.1701 , 24.6473,38525.1992 , 76.7733,65.7731 , 13.7835,36.1801 , 4.3854,<LOD,0.0000,506.4474 , 411.6609,<LOD,13.1669,1416.5481 , 21.6916,30.4536 , 2.0113,<LOD,0.0000,<LOD,39.4716,3363.9180 , 208.5051,<LOD,7.4846,155.7999 , 86.0746,<LOD,44.3673,<LOD,14.8303,1007.8906 , 20.3933,107.1441 , 4.6350,
3148,Mining,19.37,19.29,,,,"Fri Mar 1, 2024 - 06:33:47",User,1.5,ppm,,,,,mm24,Mining,246.0428 , 216.1890,3989.2454 , 81.3929,<LOD,52.8535,742912.1250 , 2498.9414,172.3228 , 21.3045,<LOD,39.3873,<LOD,232.8064,<LOD,96.2017,483.7058 , 19.2961,207124.4688 , 381.2094,<LOD,0.0000,33.8411 , 12.4054,75.5114 , 43.0584,7.4561 , 2.4654,29.4487 , 2.4750,86.2676 , 26.1465,37946.7578 , 79.0875,93.2830 , 14.5981,42.1500 , 4.6968,<LOD,0.0000,535.7297 , 435.4290,<LOD,13.6387,1464.0101 , 22.7841,28.9559 , 2.0567,<LOD,0.0000,<LOD,40.8932,3629.4329 , 216.3944,9.6668 , 5.4805,159.1302 , 88.4426,<LOD,33.9937,<LOD,15.3192,827.8029 , 19.3007,102.6554 , 4.7725,
3149,Mining,18.89,18.95,,,,"Fri Mar 1, 2024 - 06:34:56",User,1.5,ppm,,,,,mm25,Mining,24.3114 , 21.3830,657.8168 , 47.2251,<LOD,30.5567,851603.0625 , 1056.4414,70.2547 , 12.1289,<LOD,16.8780,<LOD,154.4275,<LOD,68.8830,279.2957 , 11.9746,121096.7891 , 271.8354,<LOD,0.0000,22.8816 , 7.2788,70.7772 , 32.5929,<LOD,2.7583,24.2738 , 1.5293,76.2293 , 14.7660,21878.3516 , 47.5318,<LOD,14.2137,26.3599 , 2.7026,<LOD,0.0000,112.0079 , 91.1290,<LOD,8.0119,304.0410 , 14.0068,22.2457 , 1.2645,<LOD,0.0000,<LOD,23.5135,3044.7292 , 192.1044,<LOD,4.6133,<LOD,134.7313,<LOD,18.3015,<LOD,8.6030,592.3847 , 12.9016,94.1912 , 2.9838,
3150,Mining,20.29,19.90,,,,"Fri Mar 1, 2024 - 06:35:31",User,1.5,ppm,,,,,mm25,Mining,19.2745 , 16.9540,726.0450 , 47.7455,<LOD,31.0075,848792.4375 , 1025.1415,71.6499 , 12.2239,<LOD,16.1100,<LOD,150.8381,<LOD,67.7906,294.1562 , 11.8078,121887.4062 , 263.9136,<LOD,0.0000,18.0400 , 7.1581,51.6563 , 31.0672,<LOD,2.7550,28.8656 , 1.5126,59.9720 , 14.5367,23999.7480 , 47.9506,<LOD,13.4037,22.4434 , 2.6503,<LOD,0.0000,75.3378 , 61.2984,<LOD,8.0991,289.7244 , 13.4104,18.6436 , 1.2363,<LOD,0.0000,<LOD,23.8184,2955.5679 , 183.3092,<LOD,4.5815,<LOD,170.9061,<LOD,17.2800,<LOD,8.6670,599.3076 , 12.5435,89.7564 , 2.9471,
3151,Mining,19.80,19.91,,,,"Fri Mar 1, 2024 - 06:36:03",User,1.5,ppm,,,,,mm25,Mining,36.8708 , 32.4273,573.3035 , 50.7913,<LOD,33.0942,841515.0000 , 1148.2123,54.5278 , 12.8538,<LOD,16.9377,<LOD,162.8964,<LOD,72.8726,303.1462 , 12.7295,128364.6484 , 283.1768,<LOD,0.0000,20.0360 , 7.6105,90.9543 , 34.2073,2.8535 , 1.6819,27.0532 , 1.6237,76.8867 , 16.3094,24265.7734 , 51.0514,<LOD,14.1369,23.7178 , 2.8733,<LOD,0.0000,146.6604 , 119.3135,<LOD,8.5750,405.7064 , 14.3610,18.9123 , 1.3208,<LOD,0.0000,<LOD,25.3968,3354.0381 , 199.1196,<LOD,5.2882,<LOD,200.6001,<LOD,18.0544,<LOD,9.3632,647.6987 , 13.8001,72.2214 , 3.0361,
3152,Mining,19.62,19.13,,,,"Fri Mar 1, 2024 - 06:37:09",User,1.5,ppm,,,,,mm26,Mining,279.0699 , 245.3946,5891.5728 , 105.6068,<LOD,70.2707,783413.3750 , 2356.5115,199.6079 , 27.6810,<LOD,27.2179,<LOD,222.5690,<LOD,153.0263,413.2737 , 18.6619,137245.2500 , 381.1043,<LOD,0.0000,67.7982 , 15.9308,126.3979 , 46.3227,10.0293 , 2.7539,72.9641 , 3.0271,71.7642 , 21.1929,64626.9883 , 105.5275,118.3576 , 16.1702,24.8928 , 5.8474,<LOD,0.0000,752.3301 , 37.3047,<LOD,17.9281,1558.3347 , 25.2255,27.4300 , 2.7403,<LOD,0.0000,<LOD,54.9291,4136.0381 , 268.1065,<LOD,10.1719,110.6423 , 104.2849,<LOD,30.3934,<LOD,21.0490,765.8471 , 19.1547,87.9981 , 6.3967,
3153,Mining,20.44,19.96,,,,"Fri Mar 1, 2024 - 06:37:45",User,1.5,ppm,,,,,mm26,Mining,215.7389 , 189.5798,795.8042 , 92.0643,<LOD,61.7209,812537.1250 , 1851.8802,110.9993 , 23.5944,<LOD,24.1401,<LOD,194.5446,<LOD,96.1297,371.6966 , 16.4890,116723.0391 , 338.5644,<LOD,0.0000,26.9056 , 13.1547,172.8768 , 43.7812,13.1923 , 2.4891,84.5343 , 2.7284,57.2385 , 18.4623,61864.2695 , 93.7111,90.1196 , 14.2816,21.8679 , 5.1393,<LOD,0.0000,506.8100 , 411.9620,<LOD,15.8615,1313.1263 , 21.9517,15.3325 , 2.3846,<LOD,0.0000,<LOD,47.8561,4024.8975 , 255.4629,<LOD,8.8942,200.5129 , 102.3139,36.0915 , 17.6777,<LOD,18.7288,735.8528 , 17.2786,81.8959 , 5.6053,
3154,Mining,18.87,18.82,,,,"Fri Mar 1, 2024 - 06:38:22",User,1.5,ppm,,,,,mm26,Mining,271.3128 , 238.5765,3322.9534 , 102.4974,<LOD,68.6983,778433.5625 , 2258.0227,261.3169 , 27.2611,<LOD,27.2120,<LOD,223.3264,<LOD,126.4214,423.5146 , 18.7624,144462.2812 , 380.2734,<LOD,0.0000,83.4918 , 15.5923,82.0980 , 44.8439,11.2608 , 2.8340,76.2448 , 3.0606,93.3017 , 21.9210,63435.8164 , 103.6068,71.1309 , 15.8744,25.0583 , 5.8423,<LOD,0.0000,879.4532 , 38.0998,<LOD,17.5423,1741.5184 , 25.6724,23.7669 , 2.6653,<LOD,0.0000,<LOD,53.9075,5080.6519 , 283.0323,<LOD,10.9727,227.1259 , 110.3387,<LOD,30.3198,<LOD,20.6668,872.6075 , 20.1747,121.5360 , 6.4146,
3155,Mining,20.08,19.36,,,,"Fri Mar 1, 2024 - 06:39:39",User,1.5,ppm,,,,,mm27,Mining,388.6854 , 341.7215,41478.4688 , 103.5361,866.9714 , 52.2445,780346.1250 , 2524.3696,871.4929 , 31.9443,<LOD,29.5411,<LOD,235.6212,<LOD,144.6844,<LOD,0.0000,151338.8125 , 400.4883,4524.3867 , 163.2836,1881.0952 , 168.1584,177.1653 , 47.5671,55.0924 , 3.5672,<LOD,5.3724,194.9935 , 25.7277,<LOD,0.0000,<LOD,27.9678,163.4425 , 9.9426,<LOD,507.3389,1234.5837 , 38.2469,87.3759 , 13.0592,1946.5029 , 25.7714,122.2815 , 3.6733,2684.3030 , 85.5098,2783.8313 , 40.7226,6722.3262 , 308.8259,<LOD,36.7229,214.7954 , 113.2435,<LOD,42.6012,1917.2706 , 13.1371,<LOD,0.0000,<LOD,9.8376,
3156,Mining,19.94,19.96,,,,"Fri Mar 1, 2024 - 06:40:17",User,1.5,ppm,,,,,mm27,Mining,304.3953 , 267.6355,23387.7852 , 114.0830,243.3427 , 50.5756,775153.6250 , 2498.3247,410.4751 , 31.1524,87.2862 , 34.9082,<LOD,225.2161,<LOD,124.4456,325.1788 , 17.1024,132075.0469 , 379.9391,<LOD,0.0000,125.0245 , 19.2983,73.4801 , 44.1903,10.3804 , 2.8207,37.2874 , 3.0931,79.8633 , 21.1626,57250.8945 , 104.0259,51.3540 , 15.3871,13.6933 , 6.0163,<LOD,0.0000,1181.4524 , 38.8682,<LOD,23.0422,2030.4553 , 26.4164,35.0915 , 2.7183,<LOD,0.0000,<LOD,57.6805,6310.6494 , 311.6074,<LOD,11.1047,196.0565 , 115.1891,<LOD,55.7273,<LOD,20.6192,552.1740 , 16.9159,64.9642 , 6.4261,
3157,Mining,19.04,19.02,,,,"Fri Mar 1, 2024 - 06:40:49",User,1.5,ppm,,,,,mm27,Mining,499.2200 , 438.7934,49972.0156 , 123.0608,1095.9408 , 62.8363,755593.5625 , 3188.3145,1084.3254 , 38.0777,83.9860 , 33.5778,<LOD,262.3676,<LOD,179.6170,<LOD,0.0000,163613.0938 , 441.4074,4977.2153 , 192.2933,2187.8567 , 200.0705,146.9034 , 50.6603,62.4252 , 4.1920,<LOD,6.4325,230.6554 , 28.9992,<LOD,0.0000,79.3625 , 16.9822,184.2971 , 11.9428,<LOD,604.4388,1600.9326 , 45.1393,122.6593 , 15.6488,2406.1562 , 30.3670,127.6173 , 4.3197,2963.0967 , 98.0393,3135.5188 , 48.2588,7261.5601 , 334.7928,<LOD,44.6650,318.4420 , 125.0957,<LOD,49.4447,2253.1003 , 15.6614,<LOD,0.0000,<LOD,11.6696,
3158,Mining,20.52,19.67,,,,"Fri Mar 1, 2024 - 06:42:21",User,1.5,ppm,,,,,mm28,Mining,310.3751 , 272.8891,19931.7949 , 117.1397,183.9651 , 52.9463,792137.0000 , 2372.1013,632.4185 , 33.3404,93.9747 , 37.5826,<LOD,206.1155,100.3964 , 60.1508,2551.6426 , 39.9150,98445.8047 , 350.6402,<LOD,0.0000,259.1327 , 21.4203,58.9309 , 43.3524,23.7434 , 3.1798,65.0564 , 3.3202,41.9160 , 18.7020,68194.0078 , 113.7691,88.5334 , 16.7513,<LOD,9.7251,<LOD,0.0000,1259.1630 , 41.7248,68.1471 , 14.0069,2061.6091 , 27.9436,<LOD,4.0671,<LOD,0.0000,<LOD,62.3944,6883.4023 , 339.5148,<LOD,12.6769,<LOD,370.8158,72.4407 , 34.3339,<LOD,22.3823,6467.3389 , 50.8740,69.2284 , 6.9772,
3159,Mining,20.15,19.98,,,,"Fri Mar 1, 2024 - 06:42:54",User,1.5,ppm,,,,,mm28,Mining,360.7330 , 317.1341,25223.9395 , 126.6410,177.9581 , 56.3888,769272.4375 , 2638.5779,720.7877 , 36.2755,113.5595 , 45.4106,<LOD,218.2539,89.7097 , 61.5782,3103.0071 , 44.6677,106761.1953 , 364.8432,<LOD,0.0000,360.5157 , 24.0109,89.8342 , 45.6090,31.7682 , 3.4634,49.8225 , 3.5389,60.7694 , 19.8407,72392.1484 , 121.5938,42.7114 , 16.9416,<LOD,15.4122,<LOD,0.0000,1489.9237 , 44.4093,61.8768 , 14.8628,2348.1562 , 29.7720,9.0807 , 2.9894,<LOD,0.0000,<LOD,68.1920,7861.4688 , 357.4219,<LOD,13.8155,275.8259 , 130.2067,<LOD,64.6953,<LOD,24.2547,9035.8213 , 61.0429,66.9150 , 7.6735,
3160,Mining,19.36,19.48,,,,"Fri Mar 1, 2024 - 06:43:25",User,1.5,ppm,,,,,mm28,Mining,361.1104 , 317.4593,19345.3516 , 132.2856,192.8083 , 60.6692,772456.0000 , 2790.0557,689.5685 , 37.8031,140.8043 , 56.3041,<LOD,226.0039,137.0443 , 67.1048,3083.9338 , 46.6785,104799.0234 , 383.2180,<LOD,0.0000,289.4875 , 24.0586,<LOD,113.9752,23.0383 , 3.4999,73.6928 , 3.7196,59.5622 , 20.3455,79761.4922 , 132.5591,79.0437 , 18.1199,<LOD,11.3930,<LOD,0.0000,1595.2877 , 47.6070,73.0847 , 16.0318,2426.1936 , 31.5020,<LOD,4.6961,<LOD,0.0000,<LOD,72.0119,6821.1694 , 359.1285,<LOD,14.6246,282.6501 , 134.3943,<LOD,103.9337,<LOD,26.3010,7256.5322 , 57.6522,53.1320 , 8.0637,
