Reading No;Reading Type;Duration;Main;Low;High;Light;Time;User;Sigma Value;Units;Batch;Heat;Lot;Note;Sample;Mode;Ag;Ag 2-Sigma;As;As 2-Sigma;Au;Au 2-Sigma;Ba;Ba 2-Sigma;Bal;Bal 2-Sigma;Bi;Bi 2-Sigma;Ca;Ca 2-Sigma;Cd;Cd 2-Sigma;Co;Co 2-Sigma;Cr;Cr 2-Sigma;Cu;Cu 2-Sigma;Fe;Fe 2-Sigma;Hf;Hf 2-Sigma;Hg;Hg 2-Sigma;K;K 2-Sigma;Mn;Mn 2-Sigma;Mo;Mo 2-Sigma;Nb;Nb 2-Sigma;Ni;Ni 2-Sigma;Pb;Pb 2-Sigma;Pd;Pd 2-Sigma;Rb;Rb 2-Sigma;Re;Re 2-Sigma;Sb;Sb 2-Sigma;Se;Se 2-Sigma;Sn;Sn 2-Sigma;Sr;Sr 2-Sigma;Ta;Ta 2-Sigma;Th;Th 2-Sigma;Ti;Ti 2-Sigma;U;U 2-Sigma;V;V 2-Sigma;W;W 2-Sigma;Y;Y 2-Sigma;Zn;Zn 2-Sigma;Zr;Zr 2-Sigma
3007;Mining;150.81;26.27;59.75;59.90;;Thu Feb 29, 2024 - 09:24:19;User;1.5;ppm;;;;;180-647;Mining;<LOD;0.9957;<LOD;15.532;<LOD;31.473;1.352.352;724.376;9.994.404.375;294.137;<LOD;12.458;65.575;42.607;<LOD;15.948;<LOD;88.291;234.069;18.901;<LOD;32.741;2.802.188;151.835;<LOD;0.0000;<LOD;17.149;1.012.311;114.596;<LOD;204.676;<LOD;0.9704;<LOD;0.7786;<LOD;49.892;<LOD;10.832;<LOD;0.8926;<LOD;0.6329;<LOD;0.0000;<LOD;29.707;<LOD;0.8191;58.207;15.526;<LOD;0.2870;<LOD;0.0000;<LOD;13.892;70.390;37.666;<LOD;11.639;<LOD;16.513;<LOD;0.0000;<LOD;0.5461;<LOD;18.736;<LOD;0.6412
3008;Mining;151.48;26.59;59.94;59.04;;Thu Feb 29, 2024 - 09:27:33;User;1.5;ppm;;;;;180-647;Mining;<LOD;10.099;<LOD;11.718;<LOD;31.505;1.402.843;751.418;9.996.556.875;280.023;<LOD;12.625;<LOD;72.535;<LOD;15.907;<LOD;85.717;176.481;18.369;<LOD;36.032;1.450.907;128.709;<LOD;0.0000;<LOD;17.706;215.268;101.427;<LOD;212.415;<LOD;0.9799;<LOD;0.7941;<LOD;51.806;46.505; 0.8257;<LOD;0.9054;<LOD;0.6344;<LOD;0.0000;<LOD;29.845;<LOD;0.8406;63.967;15.658;<LOD;0.2858;<LOD;0.0000;<LOD;11.802;87.115;36.540;<LOD;11.805;<LOD;16.471;<LOD;0.0000;<LOD;0.5574;<LOD;19.423;<LOD;0.6534
3009;Mining;19.55;19.47;;;;Thu Feb 29, 2024 - 09:29:03;User;1.5;ppm;;;;;180-647;Mining;<LOD;69.220;<LOD;48.698;<LOD;37.564;;;9.996.221.250;1.146.334;<LOD;17.311;;;<LOD;82.573;<LOD;82.610;<LOD;386.506;<LOD;34.799;810.263;122.957;<LOD;0.0000;<LOD;18.613;;;<LOD;220.357;<LOD;10.499;<LOD;0.8524;<LOD;51.563;2.968.295;36.196;<LOD;70.801;<LOD;0.7005;<LOD;0.0000;<LOD;142.237;<LOD;0.9655;<LOD;92.410;<LOD;0.3125;<LOD;0.0000;<LOD;21.190;<LOD;1.453.352;<LOD;12.553;<LOD;736.130;<LOD;0.0000;<LOD;0.7780;<LOD;21.074;<LOD;0.7022
3010;Mining;19.44;18.86;;;;Thu Feb 29, 2024 - 09:30:52;User;1.5;ppm;;;;;180-706;Mining;78.416;66.330;478.530;80.014;<LOD;65.915;;;9.770.436.875;3.077.167;<LOD;43.265;;;<LOD;116.416;<LOD;558.704;<LOD;762.003;2.553.070;86.308;169.219.062;1.154.526;<LOD;0.0000;<LOD;55.490;;;10.064.400;466.048;113.509;13.017;261.072;11.086;458.570;74.170;9.855.233;80.483;284.438;68.752;1.658.629;26.681;<LOD;0.0000;<LOD;326.717;<LOD;18.192;<LOD;131.612;1.499.967;12.719;<LOD;0.0000;87.200;29.665;17.803.531;1.820.991;37.613;18.305;2.886.133;838.818;<LOD;142.046;342.188;16.006;9.106.807;119.841;2.774.525;24.953
3011;Mining;19.67;19.55;;;;Thu Feb 29, 2024 - 09:31:30;User;1.5;ppm;;;;;180-706;Mining;68.713;64.005;523.141;77.620;<LOD;68.379;;;9.773.095.000;2.967.096;<LOD;34.229;;;<LOD;137.956;<LOD;531.290;<LOD;770.755;2.613.878;84.445;166.484.961;1.110.683;<LOD;0.0000;<LOD;61.349;;;9.638.794;444.270;136.700;12.655;266.608;10.794;501.720;71.489;9.821.403;77.834;229.428;66.217;1.660.569;25.872;<LOD;0.0000;135.667;133.000;<LOD;18.156;<LOD;126.868;1.526.659;12.422;<LOD;0.0000;111.007;28.743;18.678.212;1.783.899;36.892;17.805;2.268.132;797.694;<LOD;134.968;356.503;15.575;9.198.491;116.664;2.647.789;23.731
3012;Mining;19.49;19.59;;;;Thu Feb 29, 2024 - 09:32:13;User;1.5;ppm;;;;;180-706;Mining;76.329;65.597;456.167;80.224;<LOD;71.668;;;9.771.951.250;3.023.955;<LOD;35.261;;;<LOD;115.158;<LOD;547.308;636.973;397.563;2.600.267;86.435;166.537.852;1.139.719;<LOD;0.0000;<LOD;49.325;;;9.479.152;453.964;141.418;13.011;267.031;11.050;520.895;74.329;10.088.500;80.852;187.050;67.704;1.659.068;26.529;<LOD;0.0000;139.052;136.255;<LOD;19.431;<LOD;130.084;1.535.724;12.775;<LOD;0.0000;66.928;29.138;17.694.001;1.807.912;37.298;18.247;3.653.110;856.324;<LOD;159.457;337.828;15.925;9.284.761;120.179;2.649.408;24.330
3013;Mining;20.55;19.84;;;;Thu Feb 29, 2024 - 09:33:23;User;1.5;ppm;;;;;180-661;Mining;2.359.641;2.074.331;3.364.601;80.462;600.128;103.988;;;9.770.145.625;3.162.278;<LOD;38.953;;;4.651.348;1.859.890;<LOD;532.650;3.573.060;475.847;61.774;37.908;164.941.172;1.109.239;<LOD;0.0000;<LOD;33.478;;;973.269;262.730;<LOD;17.862;118.513; 0.9171;113.621;61.793;6.024.189;67.963;222.368;66.551;651.687;17.327;<LOD;0.0000;<LOD;198.654;4.153.037;53.834;<LOD;129.556;807.037; 0.9237;<LOD;0.0000;40.881;25.583;31.543.538;2.034.878;<LOD;28.636;1.871.689;834.319;<LOD;91.496;227.120;12.341;423.130;32.616;3.132.712;24.853
3014;Mining;20.32;19.92;;;;Thu Feb 29, 2024 - 09:33:59;User;1.5;ppm;;;;;180-661;Mining;1.931.306;1.697.980;3.019.280;72.998;564.252;95.254;;;9.789.856.250;2.856.378;<LOD;44.497;;;4.061.939;1.624.394;<LOD;496.761;4.474.821;477.038;151.705;38.233;155.248.604;1.037.612;<LOD;0.0000;<LOD;31.847;;;489.707;239.975;<LOD;16.673;108.063; 0.8555;<LOD;121.104;5.397.031;61.652;173.004;63.156;587.119;15.702;<LOD;0.0000;<LOD;186.893;3.751.694;49.046;<LOD;122.163;711.000; 0.8335;<LOD;0.0000;<LOD;46.615;24.574.319;1.830.224;<LOD;20.404;1.364.571;765.816;<LOD;82.011;177.908;11.112;459.046;31.806;2.898.498;22.824
3015;Mining;19.96;19.93;;;;Thu Feb 29, 2024 - 09:35:01;User;1.5;ppm;;;;;180-649;Mining;<LOD;95.215;79.010;37.597;<LOD;53.131;;;9.724.740.625;3.351.934;<LOD;24.523;;;<LOD;111.907;<LOD;602.767;514.277;372.361;617.291;51.533;217.976.562;1.228.193;<LOD;0.0000;<LOD;27.479;;;6.303.936;379.735;<LOD;28.071;615.671;13.271;154.837;65.426;2.203.971;38.627;171.485;65.941;1.252.568;22.708;<LOD;0.0000;<LOD;196.650;<LOD;14.586;<LOD;127.934;1.478.924;12.167;<LOD;0.0000;188.333;21.473;33.349.321;2.020.146;44.897;17.296;1.771.205;813.431;<LOD;0.0000;570.532;14.551;2.313.782;61.084;5.652.595;32.784
3016;Mining;21.08;;;;;Thu Feb 29, 2024 - 09:35:37;User;1.5;ppm;;;;;180-649;Mining;<LOD;94.804;120.584;38.930;51.736;37.131;;;9.718.173.125;3.367.117;<LOD;23.014;;;<LOD;111.301;<LOD;825.083;575.388;373.064;613.909;51.104;223.671.953;1.233.355;<LOD;0.0000;<LOD;32.676;;;6.705.667;385.259;42.112;14.210;660.887;13.458;108.150;65.012;2.362.723;39.621;135.730;65.454;1.327.703;23.170;<LOD;0.0000;<LOD;195.855;<LOD;14.550;<LOD;126.920;1.600.450;12.557;<LOD;0.0000;229.565;21.670;32.520.110;1.988.681;38.263;17.367;2.135.108;814.243;<LOD;0.0000;548.523;14.495;2.426.169;62.037;5.952.086;33.446
3017;Mining;20.04;19.66;;;;Thu Feb 29, 2024 - 09:36:10;User;1.5;ppm;;;;;180-649;Mining;<LOD;85.969;55.720;30.302;<LOD;43.702;;;9.798.666.875;2.842.853;<LOD;19.510;;;<LOD;102.747;<LOD;495.085;<LOD;507.267;391.550;42.969;164.366.035;1.046.034;<LOD;0.0000;<LOD;22.811;;;4.449.738;318.925;<LOD;24.933;401.676;10.818;177.249;57.430;1.588.593;31.068;<LOD;104.211;820.439;17.495;<LOD;0.0000;<LOD;177.953;<LOD;12.252;<LOD;114.977;955.147; 0.9289;<LOD;0.0000;131.733;17.028;21.964.719;1.740.005;21.282;14.174;<LOD;1.685.733;<LOD;0.0000;356.361;11.381;1.802.141;51.262;3.850.627;25.537
3018;Mining;20.10;19.93;;;;Thu Feb 29, 2024 - 09:38:23;User;1.5;ppm;;;;;LMW12;Mining;<LOD;94.063;7.711.786;130.916;<LOD;88.013;;;9.642.706.875;3.610.768;248.683;37.245;;;<LOD;111.166;<LOD;680.016;<LOD;522.985;865.089;56.950;302.530.664;1.394.582;<LOD;0.0000;58.288;27.818;;;<LOD;471.285;<LOD;15.397;54.240; 0.8694;198.525;64.612;19.217.056;109.205;<LOD;95.655;876.262;19.937;<LOD;0.0000;486.404;395.790;<LOD;26.181;<LOD;128.637;653.723; 0.8749;<LOD;0.0000;<LOD;62.850;22.259.868;1.774.717;<LOD;24.694;<LOD;1.591.611;<LOD;91.843;92.161;15.544;1.117.190;45.878;922.969;15.834
3019;Mining;19.69;19.62;;;;Thu Feb 29, 2024 - 09:38:52;User;1.5;ppm;;;;;LMW12;Mining;<LOD;86.642;6.685.620;118.337;<LOD;80.230;;;9.710.350.000;2.983.497;201.287;33.420;;;<LOD;102.398;<LOD;583.918;<LOD;487.037;842.302;53.095;242.016.465;1.224.984;<LOD;0.0000;99.359;26.462;;;267.682;207.157;<LOD;14.156;50.962; 0.8007;178.403;58.068;18.020.731;99.902;<LOD;87.917;592.969;15.947;<LOD;0.0000;<LOD;183.882;<LOD;21.285;<LOD;117.702;545.365; 0.7634;<LOD;0.0000;<LOD;56.202;18.432.507;1.641.483;<LOD;20.750;<LOD;1.005.607;<LOD;82.410;40.153;13.663;1.026.886;41.875;649.002;13.122
3020;Mining;19.19;19.04;;;;Thu Feb 29, 2024 - 09:39:19;User;1.5;ppm;;;;;LMW12;Mining;<LOD;90.395;7.630.260;128.221;<LOD;83.484;;;9.676.925.625;3.319.644;234.594;36.242;;;<LOD;106.885;<LOD;633.755;<LOD;524.342;992.603;58.076;272.881.699;1.328.941;<LOD;0.0000;100.172;27.884;;;<LOD;440.427;<LOD;14.635;50.204; 0.8414;192.393;59.932;19.108.979;107.039;<LOD;91.362;634.317;17.166;<LOD;0.0000;<LOD;192.512;<LOD;28.866;<LOD;122.733;625.547; 0.8426;<LOD;0.0000;<LOD;61.218;18.922.289;1.694.375;<LOD;22.418;<LOD;1.425.438;<LOD;85.061;56.488;14.689;946.691;42.288;698.182;14.167
3021;Mining;20.14;19.60;;;;Thu Feb 29, 2024 - 09:40:36;User;1.5;ppm;;;;;MM33;Mining;<LOD;96.104;5.574.318;204.985;<LOD;134.737;;;9.607.050.625;3.303.805;392.411;54.528;;;<LOD;113.007;<LOD;676.142;<LOD;465.732;1.288.781;64.176;308.266.602;1.382.327;<LOD;0.0000;174.565;37.093;;;368.673;217.194;<LOD;15.363;30.702; 0.8763;120.867;61.983;69.940.977;199.094;<LOD;97.367;99.551;12.855;<LOD;0.0000;<LOD;204.179;<LOD;41.627;349.592;88.954;105.344; 0.5845;<LOD;0.0000;<LOD;101.580;3.608.045;1.313.739;42.842;17.608;<LOD;959.261;<LOD;111.545;<LOD;35.940;2.171.028;59.924;415.534;13.751
3022;Mining;20.02;19.31;;;;Thu Feb 29, 2024 - 09:41:11;User;1.5;ppm;;;;;MM33;Mining;<LOD;97.071;5.540.477;197.872;<LOD;128.261;;;9.623.768.750;3.315.492;422.518;53.628;;;<LOD;114.183;<LOD;683.326;<LOD;494.295;1.330.256;66.563;301.938.691;1.417.028;<LOD;0.0000;243.662;37.773;;;309.087;222.702;<LOD;16.985;21.024; 0.8685;176.264;62.626;60.337.051;191.647;<LOD;98.353;128.927;12.735;<LOD;0.0000;<LOD;207.351;<LOD;48.242;<LOD;134.546;136.820; 0.6092;<LOD;0.0000;<LOD;98.606;3.051.669;1.345.087;<LOD;24.518;<LOD;945.551;<LOD;98.448;<LOD;34.837;2.126.365;61.038;468.887;14.163
3023;Mining;20.01;19.15;;;;Thu Feb 29, 2024 - 09:41:42;User;1.5;ppm;;;;;MM33;Mining;<LOD;95.283;5.017.963;205.764;<LOD;132.294;;;9.613.605.625;3.269.582;378.217;54.726;;;<LOD;112.295;<LOD;682.091;<LOD;472.609;1.159.267;63.016;305.547.832;1.406.832;<LOD;0.0000;248.636;38.514;;;<LOD;343.774;<LOD;15.105;35.147; 0.8694;199.391;63.473;68.326.406;200.889;<LOD;95.844;108.052;12.618;<LOD;0.0000;<LOD;201.566;<LOD;35.353;<LOD;131.637;121.390; 0.6057;<LOD;0.0000;<LOD;101.695;2.910.767;1.312.399;<LOD;24.862;<LOD;897.915;<LOD;101.102;<LOD;36.118;1.979.222;58.623;362.505;13.514
3024;Mining;20.25;19.74;;;;Thu Feb 29, 2024 - 09:42:59;User;1.5;ppm;;;;;LMW11;Mining;2.052.175;1.803.674;12.739.716;577.942;<LOD;382.924;;;6.651.516.250;31.801.113;536.210;147.382;;;<LOD;322.092;<LOD;2.525.346;<LOD;878.409;4.990.847;203.509;3.112.522.188;3.979.458;<LOD;0.0000;<LOD;168.610;;;<LOD;1.009.887;104.573;21.403;110.548;19.465;1.013.784;365.643;179.055.801;578.644;516.305;135.143;79.473;28.523;<LOD;0.0000;3.961.377;3.220.613;<LOD;107.137;8.105.322;200.947;101.286;14.063;<LOD;0.0000;<LOD;276.070;14.225.012;1.421.352;<LOD;51.108;<LOD;1.454.828;350.485;196.237;<LOD;107.021;7.619.069;192.327;399.996;30.661
3025;Mining;20.12;19.29;;;;Thu Feb 29, 2024 - 09:43:29;User;1.5;ppm;;;;;LMW11;Mining;1.558.375;1.369.962;11.945.461;520.146;<LOD;342.823;;;6.927.771.875;27.423.489;521.564;132.980;;;<LOD;266.925;<LOD;2.324.236;<LOD;847.424;4.255.903;178.069;2.856.973.750;3.685.445;<LOD;0.0000;212.252;87.378;;;1.003.286;413.701;72.041;19.541;107.686;17.687;983.635;318.529;164.414.355;519.891;562.433;126.938;64.614;26.122;<LOD;0.0000;3.084.509;2.508.252;<LOD;89.871;6.183.250;182.869;135.215;13.192;<LOD;0.0000;<LOD;247.087;13.212.777;1.362.987;<LOD;50.174;<LOD;1.357.491;<LOD;367.991;<LOD;95.067;6.556.915;168.075;380.053;27.648
3026;Mining;20.24;19.62;;;;Thu Feb 29, 2024 - 09:44:06;User;1.5;ppm;;;;;LMW11;Mining;1.951.553;1.715.311;11.384.150;575.336;<LOD;372.514;;;6.724.536.250;30.526.907;311.295;143.826;;;<LOD;248.701;<LOD;2.487.789;<LOD;884.002;5.152.861;202.830;3.034.190.000;3.884.508;<LOD;0.0000;<LOD;133.216;;;1.025.763;436.262;84.557;21.391;114.916;19.528;664.285;350.728;183.805.762;578.761;635.892;136.572;194.527;31.039;<LOD;0.0000;3.783.598;3.076.211;<LOD;96.147;7.796.783;200.549;111.832;14.152;<LOD;0.0000;<LOD;278.557;13.654.965;1.412.189;<LOD;52.566;<LOD;1.437.943;<LOD;354.875;<LOD;106.825;10.057.789;215.320;543.048;32.785
3027;Mining;20.37;19.84;;;;Thu Feb 29, 2024 - 09:45:17;User;1.5;ppm;;;;;LMW14;Mining;3.027.561;2.661.996;239.942.266;872.407;<LOD;508.078;;;7.054.666.250;29.356.289;3.224.203;236.616;;;641.482;256.552;<LOD;2.511.966;<LOD;961.641;6.673.212;231.002;2.457.822.188;4.064.782;<LOD;0.0000;1.296.314;166.530;;;<LOD;726.680;218.227;25.969;62.209;22.094;1.150.888;309.384;129.308.936;524.716;196.380;135.249;<LOD;49.200;<LOD;0.0000;15.434.609;369.844;1.861.841;102.217;17.237.316;231.494;91.841;13.831;<LOD;0.0000;<LOD;357.178;20.509.648;1.773.068;131.436;52.810;<LOD;2.391.455;<LOD;560.060;454.994;64.726;45.419.585;447.143;628.549;39.532
3028;Mining;19.85;19.76;;;;Thu Feb 29, 2024 - 09:45:46;User;1.5;ppm;;;;;LMW14;Mining;3.735.186;3.283.658;273.936.328;920.343;<LOD;539.115;;;6.865.005.000;32.369.294;4.052.899;253.909;;;1.206.518;482.454;<LOD;2.590.641;<LOD;995.657;8.159.611;255.899;2.605.005.312;4.182.535;<LOD;0.0000;1.556.994;179.972;;;585.524;444.352;250.167;26.982;85.217;22.783;1.338.989;329.983;117.231.250;512.481;756.376;144.273;<LOD;50.645;<LOD;0.0000;17.848.159;395.307;1.987.627;107.272;20.321.106;247.582;120.339;14.276;<LOD;0.0000;<LOD;369.595;21.309.167;1.776.971;83.773;54.003;<LOD;2.327.541;<LOD;682.952;558.217;63.656;54.214.429;494.465;651.902;40.222
3029;Mining;19.76;19.28;;;;Thu Feb 29, 2024 - 09:46:17;User;1.5;ppm;;;;;LMW14;Mining;3.509.975;3.085.837;241.782.148;944.524;<LOD;563.834;;;6.873.827.500;33.964.136;3.055.033;254.374;;;982.988;393.091;<LOD;2.750.032;<LOD;1.050.783;7.825.346;267.594;2.632.579.062;4.406.006;<LOD;0.0000;1.808.385;188.846;;;<LOD;751.135;230.252;28.065;41.351;23.614;1.508.228;354.745;126.503.799;561.664;542.240;150.508;<LOD;63.453;<LOD;0.0000;16.616.134;409.856;2.046.568;113.528;18.412.738;255.949;102.239;15.187;<LOD;0.0000;<LOD;383.186;23.114.390;1.918.880;83.730;58.261;<LOD;1.693.488;<LOD;590.515;498.112;69.529;44.404.893;478.779;524.889;41.615
3030;Mining;19.68;19.64;;;;Thu Feb 29, 2024 - 09:47:08;User;1.5;ppm;;;;;LMW15;Mining;32.952.937;11.722.684;1.044.716.953;29.183.889;<LOD;33.123.424;;;<LOD;0.0000;14.763.663;8.020.202;;;39.032.249;13.677.762;<LOD;42.659.659;<LOD;32.167.628;22.061.785;7.261.796;4.874.912.500;46.923.594;<LOD;0.0000;34.818.496;7.354.676;;;<LOD;32.494.116;<LOD;2.860.853;<LOD;2.710.329;20.090.227;9.615.592;3.330.884.062;43.315.610;26.981.221;11.915.458;<LOD;3.500.254;<LOD;0.0000;190.625.625;25.956.804;6.637.665;3.796.333;250.388.027;16.777.646;<LOD;1.858.420;<LOD;0.0000;<LOD;16.294.219;76.792.812;37.992.998;<LOD;5.814.466;<LOD;67.907.754;34.341.960;12.363.153;<LOD;6.664.385;<LOD;9.191.926;<LOD;3.402.636
3031;Mining;20.82;19.97;;;;Thu Feb 29, 2024 - 09:47:40;User;1.5;ppm;;;;;LMW15;Mining;<LOD;8.459.954;<LOD;508.063.184;<LOD;3.289.756;;;6.911.767.500;6.038.373.125;<LOD;5.772.064;;;<LOD;1.980.262;<LOD;4.111.485;<LOD;7.874.664;<LOD;5.304.359;<LOD;7.209.126.562;<LOD;0.0000;<LOD;4.475.508;;;<LOD;4.047.620;<LOD;184.018;<LOD;857.847;<LOD;3.689.513;<LOD;875.541.562;<LOD;680.465;<LOD;86.117;<LOD;0.0000;<LOD;30.547.687;<LOD;990.068;13.595.737;12.136.354;<LOD;36.174;<LOD;0.0000;<LOD;617.486;<LOD;148.330.415;<LOD;35.324;<LOD;5.046.837;<LOD;1.575.886;<LOD;64.251;<LOD;2.235.825;<LOD;79.056
3032;Mining;20.24;19.57;;;;Thu Feb 29, 2024 - 09:48:18;User;1.5;ppm;;;;;LMW15;Mining;<LOD;8.010.701;<LOD;451.836.621;<LOD;758.365;;;7.160.577.500;5.711.508.125;<LOD;9.373.672;;;<LOD;820.000;<LOD;3.668.577;<LOD;378.585;<LOD;5.111.263;<LOD;6.773.070.000;<LOD;0.0000;<LOD;5.619.612;;;<LOD;5.597.263;<LOD;215.178;<LOD;836.899;<LOD;3.355.843;<LOD;895.814.062;<LOD;164.156;<LOD;77.866;<LOD;0.0000;<LOD;29.719.363;<LOD;1.444.242;11.611.218;11.077.512;<LOD;31.354;<LOD;0.0000;<LOD;557.375;<LOD;145.421.118;<LOD;27.714;<LOD;10.569.851;<LOD;1.051.562;<LOD;48.956;<LOD;2.248.584;<LOD;70.872
3033;Mining;19.38;19.18;;;;Thu Feb 29, 2024 - 09:49:10;User;1.5;ppm;;;;;LMW15;Mining;<LOD;7.544.113;<LOD;671.283.223;<LOD;783.849;;;6.691.546.875;6.053.201.250;<LOD;9.012.451;;;1.098.184;1.060.147;<LOD;3.779.337;<LOD;532.098;<LOD;4.868.544;<LOD;7.265.109.375;<LOD;0.0000;<LOD;3.129.458;;;<LOD;5.895.373;<LOD;200.345;<LOD;556.785;<LOD;1.372.584;481.651.133;459.840.234;<LOD;274.311;<LOD;78.678;<LOD;0.0000;<LOD;30.027.924;<LOD;1.548.100;14.148.995;10.946.108;<LOD;31.796;<LOD;0.0000;<LOD;582.498;<LOD;150.608.569;<LOD;41.157;<LOD;4.641.863;<LOD;1.084.130;<LOD;75.481;<LOD;2.559.172;<LOD;76.225
3034;Mining;19.23;18.97;;;;Thu Feb 29, 2024 - 09:50:01;User;1.5;ppm;;;;;LMW15;Mining;5.414.324;4.757.982;399.607.891;1.957.003;3.448.559;884.260;;;6.319.100.000;55.562.896;10.102.877;560.522;;;2.682.654;1.072.308;<LOD;3.413.450;1.213.275;737.269;4.024.260;243.023;1.986.150.625;5.462.645;<LOD;0.0000;2.353.333;326.529;;;1.433.351;617.266;245.854;43.945;609.415;53.142;1.282.106;337.607;1.163.066.641;1.987.155;<LOD;474.402;<LOD;162.753;<LOD;0.0000;24.755.676;628.538;1.065.990;228.794;32.586.958;409.153;<LOD;67.001;<LOD;0.0000;<LOD;1.077.852;36.709.988;3.003.449;<LOD;208.314;2.397.020;1.283.161;<LOD;694.198;<LOD;394.348;1.749.212;160.660;<LOD;164.534
3035;Mining;18.93;18.76;;;;Thu Feb 29, 2024 - 09:50:45;User;1.5;ppm;;;;;LMW15;Mining;4.800.699;4.219.417;252.736.445;1.653.490;<LOD;1.119.836;;;6.975.080.625;39.390.947;6.588.738;460.020;;;1.886.896;754.349;<LOD;3.006.034;<LOD;2.249.438;2.702.469;200.774;1.693.156.094;5.015.692;<LOD;0.0000;2.498.265;277.578;;;964.331;559.417;183.960;36.505;676.206;43.303;1.183.777;296.047;972.742.188;1.711.236;537.178;191.282;<LOD;134.471;<LOD;0.0000;17.982.402;529.066;1.114.611;192.063;31.335.168;367.209;<LOD;56.136;<LOD;0.0000;<LOD;888.631;29.544.863;2.773.178;<LOD;169.578;2.201.104;1.209.451;593.875;254.168;<LOD;330.070;1.490.385;139.581;<LOD;134.582
3036;Mining;20.34;19.87;;;;Thu Feb 29, 2024 - 09:51:50;User;1.5;ppm;;;;;LMW18;Mining;2.821.995;2.481.453;43.831.201;979.916;<LOD;670.668;;;8.261.835.000;16.581.978;3.707.376;268.655;;;<LOD;228.792;<LOD;1.778.810;<LOD;972.435;1.653.927;125.679;878.497.734;3.141.190;<LOD;0.0000;1.975.466;163.108;;;1.171.194;415.419;117.006;25.430;851.883;29.268;714.366;169.005;707.259.453;1.010.655;<LOD;194.718;168.478;57.691;<LOD;0.0000;9.265.301;336.511;270.597;115.520;22.356.572;240.206;<LOD;41.272;<LOD;0.0000;<LOD;531.537;57.402.852;3.034.584;<LOD;107.686;1.763.401;1.126.289;285.090;164.015;<LOD;205.745;3.609.153;128.018;442.376;60.497
3037;Mining;19.82;19.69;;;;Thu Feb 29, 2024 - 09:52:19;User;1.5;ppm;;;;;LMW18;Mining;2.726.564;2.397.575;283.485.820;799.917;10.964.009;471.816;;;8.535.336.875;16.779.741;11.253.107;283.491;;;<LOD;222.744;<LOD;1.844.982;<LOD;1.341.734;<LOD;0.0000;892.177.891;3.303.563;44.413.608;1.298.719;14.298.192;1.276.778;;;2.113.602;451.795;532.574;29.737;<LOD;46.676;1.258.141;187.781;<LOD;0.0000;<LOD;217.226;1.590.085;82.125;<LOD;3.869.535;9.062.840;320.922;1.292.744;122.316;18.692.537;225.848;1.348.558;31.476;29.572.383;777.286;33.114.978;387.628;81.984.746;3.536.528;<LOD;278.040;2.896.091;1.262.460;<LOD;359.285;21.884.312;126.806;<LOD;0.0000;<LOD;93.869
3038;Mining;19.58;18.92;;;;Thu Feb 29, 2024 - 09:52:48;User;1.5;ppm;;;;;LMW18;Mining;3.450.115;3.033.463;50.858.672;1.081.829;<LOD;749.279;;;8.094.631.875;20.659.377;4.326.405;299.736;;;<LOD;260.074;<LOD;2.050.266;886.073;607.256;2.155.805;148.598;1.015.360.547;3.569.836;<LOD;0.0000;2.967.184;192.869;;;1.243.588;465.012;129.616;28.545;814.959;32.638;330.020;187.620;715.182.812;1.111.917;391.657;150.074;306.338;65.268;<LOD;0.0000;10.909.830;384.805;427.875;129.134;26.716.807;277.553;98.354;28.260;<LOD;0.0000;<LOD;587.804;61.493.140;3.299.199;<LOD;122.014;1.417.261;1.202.514;<LOD;494.451;<LOD;227.706;5.088.711;161.049;812.575;68.310
3039;Mining;19.79;19.80;;;;Thu Feb 29, 2024 - 09:53:47;User;1.5;ppm;;;;;LMW16;Mining;<LOD;107.482;6.126.437;260.343;<LOD;173.278;;;9.447.064.375;4.509.915;221.755;65.901;;;<LOD;125.984;<LOD;862.047;<LOD;556.374;3.098.787;98.178;421.748.125;1.668.756;<LOD;0.0000;<LOD;86.090;;;835.956;257.858;<LOD;17.093;30.357;10.384;118.364;79.462;96.691.660;253.939;<LOD;107.193;662.723;21.858;<LOD;0.0000;<LOD;226.601;<LOD;44.428;325.212;98.633;412.136; 0.9261;<LOD;0.0000;<LOD;126.787;19.822.292;1.736.550;<LOD;29.851;<LOD;1.379.074;<LOD;114.561;118.159;32.688;1.876.900;62.703;846.621;19.330
3040;Mining;19.14;18.96;;;;Thu Feb 29, 2024 - 09:54:14;User;1.5;ppm;;;;;LMW16;Mining;<LOD;90.140;3.926.917;149.263;<LOD;99.729;;;9.698.780.625;3.037.840;108.111;38.930;;;<LOD;107.507;<LOD;608.078;<LOD;464.412;1.651.276;68.500;241.032.930;1.256.553;<LOD;0.0000;92.257;29.219;;;879.735;230.029;<LOD;14.937;72.387; 0.8701;117.181;60.688;36.165.386;143.482;<LOD;94.039;481.350;15.857;<LOD;0.0000;<LOD;187.299;<LOD;26.090;<LOD;121.509;334.042; 0.6804;<LOD;0.0000;<LOD;71.848;14.225.377;1.577.189;<LOD;36.646;<LOD;1.005.277;<LOD;91.045;29.933;18.212;1.570.507;51.396;531.944;13.097
3041;Mining;20.19;19.40;;;;Thu Feb 29, 2024 - 09:54:51;User;1.5;ppm;;;;;LMW16;Mining;<LOD;102.624;5.615.360;229.186;<LOD;147.203;;;9.497.957.500;4.129.567;253.665;58.874;;;<LOD;120.329;<LOD;794.773;414.485;358.650;2.752.031;89.839;386.372.891;1.559.959;<LOD;0.0000;<LOD;86.078;;;843.297;251.378;<LOD;16.599;67.226;10.175;195.516;75.063;80.091.045;223.308;<LOD;103.298;784.917;21.750;<LOD;0.0000;<LOD;215.510;<LOD;38.555;<LOD;154.144;446.271; 0.8825;<LOD;0.0000;<LOD;111.919;20.554.834;1.710.145;<LOD;46.839;777.796;710.738;<LOD;107.201;159.517;28.900;1.903.540;60.213;810.294;17.756
3042;Mining;20.25;19.87;;;;Thu Feb 29, 2024 - 09:56:24;User;1.5;ppm;;;;;LMW10;Mining;1.185.403;1.042.278;6.489.911;443.786;<LOD;291.475;;;7.253.486.875;23.168.962;295.972;112.618;;;<LOD;197.137;<LOD;2.227.274;<LOD;844.435;3.494.477;160.416;2.585.015.312;3.599.814;<LOD;0.0000;<LOD;180.406;;;1.093.430;407.491;38.408;18.159;67.409;15.674;702.926;294.764;127.534.629;449.795;<LOD;168.621;51.968;22.736;<LOD;0.0000;2.256.558;1.835.324;<LOD;75.905;4.159.312;164.153;45.049;10.750;<LOD;0.0000;<LOD;211.717;9.711.506;1.306.157;<LOD;43.968;<LOD;1.282.135;<LOD;254.396;<LOD;80.778;3.852.812;129.603;518.593;26.358
3043;Mining;19.33;19.26;;;;Thu Feb 29, 2024 - 09:56:55;User;1.5;ppm;;;;;LMW10;Mining;1.320.810;1.161.221;7.969.115;458.741;<LOD;297.288;;;7.112.154.375;24.373.142;541.676;119.259;;;<LOD;230.504;<LOD;2.246.196;<LOD;847.541;3.855.707;167.590;2.715.047.812;3.575.319;<LOD;0.0000;<LOD;175.151;;;695.176;400.248;31.167;18.653;106.440;16.473;1.316.213;303.884;134.268.770;463.079;<LOD;177.813;105.430;24.132;<LOD;0.0000;2.768.319;2.251.330;<LOD;77.497;4.861.768;172.174;56.870;11.142;<LOD;0.0000;<LOD;220.993;9.746.866;1.288.795;<LOD;43.029;<LOD;1.293.401;<LOD;259.307;<LOD;82.901;4.516.606;139.377;636.679;28.059
3044;Mining;19.00;19.09;;;;Thu Feb 29, 2024 - 09:57:25;User;1.5;ppm;;;;;LMW10;Mining;1.159.087;1.019.214;7.258.301;465.688;<LOD;296.770;;;7.203.981.250;24.177.437;324.489;118.284;;;<LOD;203.554;<LOD;2.301.001;<LOD;850.490;3.384.630;163.430;2.632.940.938;3.709.143;<LOD;0.0000;<LOD;124.837;;;<LOD;1.008.019;34.618;18.425;70.771;16.241;752.470;305.173;131.531.348;470.763;<LOD;174.234;<LOD;53.967;<LOD;0.0000;1.803.835;1.467.219;<LOD;78.213;4.048.999;169.569;40.874;11.126;<LOD;0.0000;<LOD;222.718;8.230.494;1.298.059;<LOD;43.800;<LOD;1.312.864;<LOD;231.845;<LOD;84.382;4.104.800;137.115;333.116;25.521
3045;Mining;19.03;18.93;;;;Thu Feb 29, 2024 - 09:58:00;User;1.5;ppm;;;;;LMW10;Mining;1.863.505;1.638.096;8.983.225;567.438;<LOD;381.415;;;6.664.932.500;31.189.824;499.450;144.721;;;<LOD;241.802;<LOD;2.523.434;<LOD;911.320;4.484.392;195.094;3.113.783.125;3.951.881;<LOD;0.0000;<LOD;197.393;;;836.541;438.798;64.216;20.988;126.731;19.017;1.065.791;362.659;176.178.828;575.013;393.987;135.022;60.268;27.987;<LOD;0.0000;3.175.848;2.582.362;<LOD;121.140;6.244.324;196.795;63.614;13.517;<LOD;0.0000;<LOD;271.215;11.552.218;1.362.844;<LOD;51.117;<LOD;1.554.316;<LOD;375.800;<LOD;104.041;5.246.617;163.308;444.690;30.614
3046;Mining;19.44;19.00;;;;Thu Feb 29, 2024 - 09:59:58;User;1.5;ppm;;;;;LMW24;Mining;4.282.614;3.764.911;85.647.520;1.148.918;<LOD;784.746;;;7.650.450.000;24.832.959;4.426.827;316.669;;;<LOD;259.011;<LOD;2.351.933;<LOD;1.551.609;3.154.753;176.206;1.420.862.031;4.017.645;<LOD;0.0000;3.668.614;213.694;;;734.156;464.710;209.225;29.731;594.806;32.215;670.953;228.760;712.003.672;1.158.662;<LOD;218.705;274.591;67.017;<LOD;0.0000;14.581.871;408.957;478.094;135.105;35.298.726;303.763;70.558;28.768;<LOD;0.0000;<LOD;616.617;53.656.069;3.005.661;<LOD;129.003;1.796.192;1.143.241;<LOD;547.660;<LOD;234.113;6.793.314;189.441;345.145;67.196
3047;Mining;20.07;19.29;;;;Thu Feb 29, 2024 - 10:00:28;User;1.5;ppm;;;;;LMW24;Mining;5.638.206;4.955.092;449.147.695;1.186.451;15.405.205;677.265;;;7.386.407.500;34.238.201;15.575.221;407.730;;;1.191.421;476.269;<LOD;2.703.552;1.575.052;622.778;<LOD;0.0000;1.780.282.031;4.544.447;60.232.192;1.914.253;16.895.892;1.915.364;;;1.385.869;519.966;790.552;41.775;<LOD;66.355;2.415.304;309.656;<LOD;0.0000;954.791;165.800;2.059.998;121.297;<LOD;5.817.531;19.309.475;467.761;1.701.047;172.991;43.674.067;352.741;1.744.158;44.829;44.580.654;1.108.745;47.360.293;559.533;67.523.804;3.222.322;<LOD;424.012;1.594.141;1.175.344;<LOD;514.983;32.555.581;187.135;<LOD;0.0000;<LOD;125.917
3048;Mining;19.60;19.18;;;;Thu Feb 29, 2024 - 10:00:58;User;1.5;ppm;;;;;LMW24;Mining;3.407.005;2.995.580;71.396.182;979.291;<LOD;657.671;;;8.050.810.000;16.411.545;3.199.765;265.904;;;<LOD;246.586;<LOD;2.100.769;<LOD;1.043.812;2.927.696;161.454;1.203.926.875;3.652.001;<LOD;0.0000;3.048.012;184.158;;;689.203;430.181;151.295;24.965;463.074;27.039;447.522;200.653;559.220.898;971.032;206.198;128.195;248.305;55.692;<LOD;0.0000;11.673.961;345.971;252.437;112.852;27.849.912;253.814;98.268;24.159;<LOD;0.0000;<LOD;514.002;50.855.200;2.901.255;<LOD;108.155;2.343.211;1.119.475;365.162;187.605;<LOD;193.397;6.043.153;170.100;376.109;55.404
3049;Mining;19.14;19.05;;;;Thu Feb 29, 2024 - 10:01:49;User;1.5;ppm;;;;;LMW13;Mining;2.206.720;1.938.874;28.995.613;671.354;<LOD;440.462;;;7.372.205.625;24.333.354;840.258;171.710;;;<LOD;363.626;<LOD;2.392.068;<LOD;947.146;3.947.028;182.420;2.299.561.875;4.034.797;<LOD;0.0000;209.672;106.268;;;1.187.065;446.326;57.583;21.240;63.261;19.816;613.148;291.387;236.322.930;649.256;416.473;128.317;414.399;39.941;<LOD;0.0000;5.945.992;4.832.538;135.206;76.932;12.144.775;203.663;251.070;17.165;<LOD;0.0000;<LOD;326.964;26.848.889;1.907.675;<LOD;110.348;<LOD;2.376.899;<LOD;368.000;<LOD;123.517;6.960.936;181.951;671.807;37.858
3050;Mining;19.52;19.55;;;;Thu Feb 29, 2024 - 10:02:25;User;1.5;ppm;;;;;LMW13;Mining;2.161.293;1.899.082;34.802.925;722.431;<LOD;461.591;;;6.801.168.125;29.037.581;1.383.776;189.211;;;<LOD;249.134;<LOD;2.560.155;<LOD;967.843;5.255.732;209.807;2.837.121.250;4.024.331;<LOD;0.0000;265.862;114.388;;;<LOD;1.175.392;117.779;24.498;198.634;22.909;1.001.467;344.997;255.955.176;696.708;301.905;144.187;559.563;43.580;<LOD;0.0000;5.573.083;4.529.749;143.787;81.095;10.971.782;222.452;308.927;18.650;<LOD;0.0000;<LOD;350.629;32.162.925;1.892.175;<LOD;68.687;<LOD;2.469.453;<LOD;390.814;<LOD;131.234;9.512.167;215.706;1.033.775;42.626
3051;Mining;19.49;18.89;;;;Thu Feb 29, 2024 - 10:02:57;User;1.5;ppm;;;;;LMW13;Mining;2.890.801;2.541.927;39.637.815;844.720;<LOD;552.708;;;6.710.963.750;35.132.737;1.440.849;219.700;;;421.703;179.250;<LOD;2.767.101;<LOD;1.048.826;5.131.660;224.476;2.864.395.000;4.441.835;<LOD;0.0000;204.374;129.993;;;1.117.407;491.031;148.100;26.889;177.257;25.596;1.169.719;370.032;310.062.188;814.783;798.492;157.016;361.241;47.332;<LOD;0.0000;6.874.825;360.497;<LOD;238.002;13.600.017;245.697;269.774;21.018;<LOD;0.0000;<LOD;416.102;29.683.462;1.979.856;<LOD;123.032;<LOD;2.847.395;<LOD;332.931;<LOD;156.639;9.708.538;233.818;943.130;48.468
3052;Mining;18.98;19.00;;;;Thu Feb 29, 2024 - 10:03:48;User;1.5;ppm;;;;;LMW13A;Mining;590.244;519.109;13.025.004;261.081;<LOD;169.875;;;8.235.723.750;13.286.968;113.642;66.137;;;<LOD;161.934;<LOD;2.456.806;<LOD;652.077;4.984.734;155.928;1.678.787.031;2.905.398;<LOD;0.0000;<LOD;66.838;;;2.697.871;380.030;30.415;14.369;<LOD;17.980;<LOD;286.604;44.223.369;231.884;<LOD;138.583;76.517;15.062;<LOD;0.0000;1.234.896;1.004.631;<LOD;63.378;3.070.886;133.529;60.375; 0.7000;<LOD;0.0000;<LOD;115.585;1.284.005;1.108.696;<LOD;29.616;<LOD;1.079.959;<LOD;0.0000;264.292;30.011;13.657.183;197.063;175.642;15.388
3053;Mining;19.66;19.12;;;;Thu Feb 29, 2024 - 10:04:48;User;1.5;ppm;;;;;LMW13A;Mining;1.619.634;1.423.641;20.794.756;466.007;<LOD;293.876;;;7.749.798.750;19.498.304;506.137;119.231;;;<LOD;192.938;<LOD;3.302.464;<LOD;778.988;6.597.916;200.513;2.047.961.250;3.473.430;<LOD;0.0000;<LOD;192.190;;;3.109.551;438.475;76.755;17.958;<LOD;24.371;<LOD;377.853;131.307.568;441.893;<LOD;266.980;219.112;26.655;<LOD;0.0000;3.826.667;3.111.377;<LOD;79.578;8.050.854;169.123;129.066;11.684;<LOD;0.0000;<LOD;222.428;8.968.641;1.390.212;<LOD;51.050;<LOD;1.320.756;<LOD;435.643;557.088;57.114;16.096.724;241.642;379.964;25.909
3054;Mining;19.49;19.52;;;;Thu Feb 29, 2024 - 10:05:23;User;1.5;ppm;;;;;LMW13A;Mining;732.646;644.334;19.521.289;321.871;<LOD;201.651;;;7.928.362.500;15.395.452;314.548;82.693;;;<LOD;169.577;<LOD;1.832.725;<LOD;672.838;6.876.135;183.003;1.949.797.656;2.992.326;<LOD;0.0000;<LOD;76.602;;;3.584.339;402.153;68.774;15.614;<LOD;19.632;<LOD;509.445;65.237.944;285.812;<LOD;145.706;124.686;18.263;<LOD;0.0000;1.238.189;1.007.285;<LOD;72.806;3.330.872;140.419;71.416; 0.7993;<LOD;0.0000;<LOD;146.118;2.020.227;1.085.897;<LOD;33.762;<LOD;1.043.241;<LOD;0.0000;385.201;36.893;18.101.036;229.438;232.835;18.154
3055;Mining;19.43;19.27;;;;Thu Feb 29, 2024 - 10:06:14;User;1.5;ppm;;;;;LMW17;Mining;493.180;433.777;5.933.546;638.439;<LOD;427.366;;;8.739.369.375;9.512.848;1.439.504;167.027;;;<LOD;173.176;<LOD;1.409.673;<LOD;740.667;1.135.963;92.288;810.285.391;2.570.609;<LOD;0.0000;744.228;99.611;;;<LOD;621.149;<LOD;24.604;577.101;17.905;567.009;128.103;411.106.367;638.511;<LOD;145.178;<LOD;48.660;<LOD;0.0000;826.241;672.228;155.517;74.666;3.211.420;144.865;<LOD;21.491;<LOD;0.0000;<LOD;327.674;22.087.532;1.944.395;<LOD;61.946;<LOD;1.841.199;<LOD;179.348;<LOD;120.481;2.067.731;85.516;<LOD;50.243
3056;Mining;19.77;19.78;;;;Thu Feb 29, 2024 - 10:06:55;User;1.5;ppm;;;;;LMW17;Mining;1.753.905;1.541.551;4.848.831;872.789;<LOD;589.403;;;8.304.673.750;15.231.573;1.897.166;229.227;;;<LOD;224.390;<LOD;1.807.824;<LOD;910.939;1.397.000;116.015;1.036.926.328;3.168.519;<LOD;0.0000;930.029;133.886;;;713.074;389.447;72.754;21.863;905.294;24.774;393.152;166.460;599.720.000;891.039;<LOD;194.450;<LOD;69.426;<LOD;0.0000;4.163.287;3.384.828;223.828;102.920;9.049.968;198.332;<LOD;30.486;<LOD;0.0000;<LOD;457.973;28.390.413;2.283.016;<LOD;88.112;1.129.644;938.961;423.061;152.931;<LOD;173.170;2.388.737;106.397;<LOD;70.968
3057;Mining;20.03;19.93;;;;Thu Feb 29, 2024 - 10:07:28;User;1.5;ppm;;;;;LMW17;Mining;1.782.185;1.566.504;10.774.110;953.347;<LOD;653.606;;;8.117.312.500;17.308.019;1.701.949;248.453;;;<LOD;239.666;<LOD;1.929.927;<LOD;948.143;1.741.859;128.891;1.144.232.344;3.373.150;<LOD;0.0000;900.201;143.803;;;1.099.827;417.815;85.426;24.866;1.047.116;27.046;814.902;182.279;667.886.484;983.411;<LOD;207.187;<LOD;77.049;<LOD;0.0000;3.720.963;3.025.399;348.049;113.663;8.864.982;210.232;<LOD;33.689;<LOD;0.0000;<LOD;496.101;34.555.125;2.445.698;<LOD;93.715;<LOD;2.778.012;<LOD;266.138;<LOD;190.694;2.423.036;111.646;708.637;56.822
3058;Mining;19.57;18.80;;;;Thu Feb 29, 2024 - 10:08:28;User;1.5;ppm;;;;;LMW22;Mining;1.306.309;1.148.956;135.525.762;612.841;<LOD;364.350;;;8.312.618.125;13.959.475;1.598.441;160.578;;;<LOD;183.905;<LOD;1.749.863;<LOD;755.779;3.472.125;139.930;1.330.129.531;2.959.470;<LOD;0.0000;1.281.954;116.098;;;447.288;340.853;42.905;17.473;144.395;16.092;529.929;174.693;166.558.008;462.109;<LOD;155.858;239.439;29.103;<LOD;0.0000;7.139.047;256.869;296.806;63.173;6.931.780;159.262;226.944;13.034;<LOD;0.0000;<LOD;264.463;25.992.937;1.904.202;<LOD;57.088;<LOD;2.171.946;<LOD;223.423;<LOD;82.891;5.108.376;131.003;409.492;28.892
3059;Mining;19.23;19.27;;;;Thu Feb 29, 2024 - 10:08:59;User;1.5;ppm;;;;;LMW22;Mining;1.715.328;1.508.606;152.413.906;698.844;846.987;289.850;;;8.055.446.875;17.020.734;2.126.245;185.632;;;<LOD;265.199;<LOD;1.907.421;<LOD;813.857;3.898.695;154.755;1.515.044.375;3.204.230;<LOD;0.0000;1.661.867;135.139;;;<LOD;688.537;52.017;19.386;175.253;18.113;814.317;195.272;211.455.664;545.098;<LOD;173.650;214.341;34.191;<LOD;0.0000;8.325.977;285.035;127.018;74.891;9.003.242;178.175;230.617;14.881;<LOD;0.0000;<LOD;310.612;30.289.558;2.008.841;<LOD;69.046;<LOD;2.347.510;<LOD;237.356;<LOD;98.756;5.637.899;144.778;520.032;33.931
3060;Mining;19.45;19.31;;;;Thu Feb 29, 2024 - 10:09:38;User;1.5;ppm;;;;;LMW22;Mining;1.808.053;1.590.132;208.678.555;778.882;<LOD;457.879;;;7.766.994.375;19.760.194;2.790.737;209.408;;;<LOD;270.974;<LOD;2.081.217;<LOD;872.067;4.565.246;172.046;1.754.954.688;3.404.995;<LOD;0.0000;334.758;128.803;;;490.938;382.972;63.728;22.245;98.997;20.695;737.029;218.426;194.989.629;558.917;230.782;130.191;358.549;37.307;<LOD;0.0000;9.468.276;319.856;297.494;77.606;10.349.205;200.053;330.801;16.040;<LOD;0.0000;<LOD;334.714;35.528.091;2.103.828;89.727;44.896;<LOD;2.734.414;<LOD;243.568;226.812;69.173;5.826.592;152.851;786.569;38.327
3061;Mining;19.96;19.28;;;;Thu Feb 29, 2024 - 10:10:43;User;1.5;ppm;;;;;LMW19;Mining;864.621;760.218;13.080.197;594.579;<LOD;398.811;;;8.905.309.375;8.825.455;1.275.728;155.313;;;<LOD;178.131;<LOD;1.306.036;<LOD;761.579;1.517.005;96.940;664.743.438;2.391.598;<LOD;0.0000;1.088.948;99.936;;;<LOD;730.233;50.924;17.086;450.742;17.550;190.463;118.376;360.978.789;588.850;<LOD;152.660;190.387;32.714;<LOD;0.0000;2.689.204;2.187.179;397.160;71.358;6.035.065;151.875;<LOD;20.955;<LOD;0.0000;<LOD;303.032;36.460.183;2.314.177;<LOD;59.615;1.853.095;920.909;<LOD;253.463;<LOD;112.979;2.437.172;89.111;387.408;32.916
3062;Mining;19.21;19.25;;;;Thu Feb 29, 2024 - 10:11:18;User;1.5;ppm;;;;;LMW19;Mining;1.097.199;964.527;26.721.426;770.525;<LOD;526.550;;;8.579.489.375;12.034.164;2.343.339;206.653;;;<LOD;209.267;<LOD;1.592.659;<LOD;1.146.358;2.029.672;120.036;839.846.484;2.850.271;<LOD;0.0000;1.206.651;125.318;;;431.253;357.798;30.914;20.767;607.957;22.278;292.429;142.962;491.290.469;777.156;<LOD;177.401;116.093;42.620;<LOD;0.0000;3.699.629;3.008.400;665.702;93.977;7.901.616;183.654;<LOD;27.529;<LOD;0.0000;<LOD;400.970;38.364.175;2.496.157;<LOD;79.735;<LOD;2.846.483;<LOD;208.825;<LOD;150.516;3.387.896;114.170;477.724;44.110
3063;Mining;19.62;19.02;;;;Thu Feb 29, 2024 - 10:11:46;User;1.5;ppm;;;;;LMW19;Mining;1.180.036;1.037.382;21.151.379;755.534;<LOD;507.145;;;8.598.899.375;11.709.648;2.140.602;201.495;;;<LOD;208.703;<LOD;1.578.105;<LOD;862.921;2.025.699;118.990;832.192.109;2.815.424;<LOD;0.0000;1.277.126;123.563;;;<LOD;910.610;40.254;20.787;608.354;22.140;290.995;143.525;483.478.750;762.744;<LOD;178.108;146.745;41.802;<LOD;0.0000;3.390.935;2.757.474;540.231;90.638;7.841.536;182.791;<LOD;27.253;<LOD;0.0000;<LOD;392.411;39.921.897;2.515.441;<LOD;77.475;1.208.043;971.770;<LOD;205.805;<LOD;148.272;3.050.474;108.684;615.746;44.086
3064;Mining;19.18;19.28;;;;Thu Feb 29, 2024 - 10:12:47;User;1.5;ppm;;;;;LMW21;Mining;3.399.268;2.987.762;1.666.899.531;2.692.591;<LOD;1.434.312;;;6.091.624.375;64.489.395;9.761.526;724.602;;;4.574.516;1.828.867;<LOD;3.890.032;<LOD;1.944.707;8.759.543;336.579;1.961.046.562;5.591.478;<LOD;0.0000;<LOD;642.920;;;945.648;594.482;<LOD;71.531;<LOD;68.573;923.563;359.085;136.370.674;898.713;<LOD;326.441;<LOD;115.832;<LOD;0.0000;29.143.474;721.369;1.665.081;236.913;36.663.484;460.975;266.704;28.501;<LOD;0.0000;<LOD;1.031.360;37.350.747;3.055.806;743.559;117.846;1.350.410;1.243.559;<LOD;850.375;3.018.993;123.977;5.492.078;235.376;<LOD;134.826
3065;Mining;20.70;;;;;Thu Feb 29, 2024 - 10:13:20;User;1.5;ppm;;;;;LMW21;Mining;4.514.630;3.966.799;1.939.270.938;3.020.779;<LOD;1.633.393;;;5.558.472.500;85.153.477;10.763.075;808.944;;;6.530.992;2.610.199;<LOD;4.988.039;<LOD;1.765.320;10.617.570;375.157;2.134.621.406;6.094.439;<LOD;0.0000;<LOD;732.515;;;850.249;614.534;<LOD;81.789;<LOD;81.251;<LOD;976.255;181.704.082;1.083.969;<LOD;636.278;<LOD;140.013;<LOD;0.0000;38.862.532;854.421;1.166.795;261.794;49.719.995;546.597;377.133;34.678;<LOD;0.0000;<LOD;1.173.012;48.684.595;3.351.662;709.564;136.551;1.570.937;1.323.278;893.818;357.367;4.109.463;150.469;6.559.608;261.761;<LOD;157.936
3066;Mining;19.71;19.21;;;;Thu Feb 29, 2024 - 10:13:50;User;1.5;ppm;;;;;LMW21;Mining;5.538.344;4.865.164;1.934.531.406;3.012.468;<LOD;1.661.571;;;5.549.630.625;90.601.016;12.223.662;826.093;;;7.388.453;2.952.212;<LOD;4.227.308;1.305.440;779.538;9.668.988;363.886;2.072.389.062;6.053.322;<LOD;0.0000;<LOD;748.748;;;<LOD;2.194.479;<LOD;84.861;<LOD;86.007;624.157;377.542;230.579.668;1.224.037;1.067.870;273.854;<LOD;149.507;<LOD;0.0000;42.312.607;906.953;1.036.122;265.221;59.231.436;598.865;529.879;39.350;<LOD;0.0000;<LOD;1.228.737;55.728.574;3.584.201;713.947;145.401;2.364.986;1.411.852;1.640.458;383.044;5.083.784;170.031;6.411.041;261.588;<LOD;174.143
3067;Mining;20.11;19.51;;;;Thu Feb 29, 2024 - 10:14:50;User;1.5;ppm;;;;;MM35;Mining;977.624;859.502;34.957.742;527.282;<LOD;340.837;;;8.582.581.250;10.818.162;1.281.995;138.375;;;<LOD;172.637;<LOD;1.482.011;<LOD;719.903;2.954.321;121.500;1.071.937.656;2.633.502;<LOD;0.0000;492.999;85.699;;;586.164;319.100;46.944;16.843;232.155;16.381;1.032.477;143.681;251.271.191;500.127;<LOD;148.438;368.000;30.734;<LOD;0.0000;3.125.719;2.541.989;<LOD;111.678;6.800.070;148.885;306.410;13.919;<LOD;0.0000;<LOD;259.831;34.152.786;2.030.762;<LOD;62.341;1.312.693;806.083;<LOD;191.309;<LOD;95.184;4.752.299;116.115;829.673;31.122
3068;Mining;20.34;19.62;;;;Thu Feb 29, 2024 - 10:15:23;User;1.5;ppm;;;;;MM35;Mining;1.756.110;1.543.128;31.528.948;550.420;<LOD;353.998;;;8.564.868.125;12.734.562;1.098.328;143.395;;;346.116;138.340;<LOD;1.613.291;<LOD;948.184;3.204.315;133.666;1.100.541.328;2.828.039;<LOD;0.0000;544.887;91.046;;;995.390;355.174;62.444;18.047;167.227;17.180;387.651;154.483;243.405.605;519.516;621.018;108.156;349.417;32.481;<LOD;0.0000;5.536.439;4.500.172;<LOD;91.813;11.464.791;167.294;302.881;14.640;<LOD;0.0000;<LOD;272.698;27.030.149;2.010.947;66.131;38.924;<LOD;2.155.951;<LOD;268.873;<LOD;100.619;4.948.135;126.058;774.882;32.520
3069;Mining;20.49;19.82;;;;Thu Feb 29, 2024 - 10:15:55;User;1.5;ppm;;;;;MM35;Mining;1.540.596;1.354.175;39.038.557;582.598;<LOD;373.131;;;8.288.391.250;14.044.263;1.356.532;152.576;;;<LOD;200.112;<LOD;1.691.332;<LOD;763.199;3.513.054;138.335;1.331.709.062;2.915.763;<LOD;0.0000;392.569;92.408;;;654.051;344.735;68.416;18.944;217.403;18.165;927.833;169.110;271.014.258;555.426;830.935;118.201;320.433;33.097;<LOD;0.0000;3.872.574;3.148.722;<LOD;96.581;8.920.383;172.846;329.195;15.332;<LOD;0.0000;<LOD;288.452;38.534.597;2.114.670;<LOD;93.283;1.237.058;826.980;<LOD;262.727;<LOD;106.143;6.166.823;138.575;964.577;35.069
3070;Mining;19.51;19.46;;;;Thu Feb 29, 2024 - 10:16:53;User;1.5;ppm;;;;;MM32;Mining;3.291.012;2.893.439;<LOD;1.871.842;<LOD;558.449;;;8.471.680.625;16.766.771;1.598.175;212.919;;;972.765;389.017;<LOD;2.579.848;<LOD;1.254.361;1.978.787;134.318;981.567.266;3.282.545;<LOD;0.0000;1.426.317;137.777;;;897.993;417.841;112.488;22.680;454.643;24.209;<LOD;488.006;466.370.586;811.571;2.123.246;145.831;59.608;44.467;<LOD;0.0000;10.339.762;341.989;868.040;102.557;17.675.387;227.312;<LOD;29.518;<LOD;0.0000;<LOD;424.621;32.287.952;2.552.296;<LOD;87.404;1.230.417;1.018.965;650.306;171.032;<LOD;165.813;3.919.955;134.322;494.559;46.743
3071;Mining;19.21;18.88;;;;Thu Feb 29, 2024 - 10:17:23;User;1.5;ppm;;;;;MM32;Mining;3.017.957;2.653.682;9.420.559;786.936;<LOD;530.076;;;8.450.195.000;15.656.515;1.917.465;208.456;;;<LOD;255.871;1.857.687;1.108.219;<LOD;901.466;2.304.865;133.261;998.557.266;3.137.335;<LOD;0.0000;1.583.140;133.730;;;838.749;394.249;132.756;22.428;461.368;23.175;<LOD;237.828;471.284.531;789.981;1.525.191;140.238;185.661;44.495;<LOD;0.0000;8.348.267;326.279;875.584;97.858;15.563.074;217.436;<LOD;35.486;<LOD;0.0000;<LOD;412.375;27.322.512;2.317.325;<LOD;84.707;<LOD;2.820.042;<LOD;310.683;<LOD;158.398;4.242.274;132.344;365.383;44.584
3072;Mining;19.56;19.70;;;;Thu Feb 29, 2024 - 10:17:54;User;1.5;ppm;;;;;MM32;Mining;2.624.617;2.307.968;4.058.901;786.916;<LOD;528.431;;;8.495.533.750;15.224.883;864.175;200.820;;;<LOD;351.129;<LOD;1.780.704;<LOD;893.215;2.060.066;130.183;966.277.188;3.138.011;<LOD;0.0000;1.082.268;126.784;;;658.922;389.221;144.227;21.810;453.598;22.590;<LOD;382.312;467.943.672;783.145;1.274.777;133.953;170.018;43.386;<LOD;0.0000;7.858.664;313.770;524.997;95.379;15.416.523;210.792;<LOD;28.435;<LOD;0.0000;<LOD;407.112;27.308.213;2.340.207;<LOD;80.251;1.781.933;982.582;<LOD;393.230;<LOD;158.346;3.763.651;126.824;199.788;43.535
3073;Mining;20.67;20.00;;;;Thu Feb 29, 2024 - 10:19:15;User;1.5;ppm;;;;;LMW23;Mining;5.734.032;5.039.094;188.686.992;1.264.869;<LOD;845.499;;;7.267.601.875;34.620.979;5.436.918;352.272;;;1.550.168;619.652;<LOD;2.620.981;<LOD;1.414.737;5.468.098;225.589;1.714.966.406;4.350.845;<LOD;0.0000;3.895.380;239.217;;;1.646.067;514.913;290.042;33.894;219.846;35.494;773.490;264.845;680.783.672;1.206.366;1.814.480;183.299;449.137;72.858;<LOD;0.0000;18.949.614;481.987;988.269;147.263;39.307.395;346.528;379.284;31.975;<LOD;0.0000;<LOD;667.611;50.337.817;2.916.603;<LOD;138.364;2.386.910;1.150.338;<LOD;587.208;<LOD;249.898;7.679.599;210.555;654.708;73.918
3074;Mining;19.59;19.14;;;;Thu Feb 29, 2024 - 10:19:47;User;1.5;ppm;;;;;LMW23;Mining;5.673.375;4.986.006;190.344.082;1.279.216;<LOD;848.595;;;7.277.456.875;34.748.865;5.551.014;356.855;;;1.097.470;438.713;<LOD;2.678.871;<LOD;1.797.407;4.797.274;218.516;1.728.805.938;4.490.357;<LOD;0.0000;3.491.883;237.860;;;983.551;505.920;257.722;33.989;182.533;35.753;<LOD;733.094;660.370.156;1.215.795;1.562.427;182.563;439.229;73.914;<LOD;0.0000;19.219.541;487.597;897.429;147.360;38.432.861;348.098;417.743;32.347;<LOD;0.0000;<LOD;670.557;52.003.574;2.999.642;<LOD;141.688;<LOD;3.397.898;<LOD;590.807;<LOD;399.461;7.402.359;210.979;613.373;73.468
3075;Mining;19.66;19.26;;;;Thu Feb 29, 2024 - 10:20:39;User;1.5;ppm;;;;;LMW23;Mining;5.489.367;4.824.430;173.785.117;1.311.292;<LOD;889.876;;;7.177.056.875;35.651.406;5.526.598;365.719;;;1.118.078;446.964;<LOD;2.725.886;976.544;630.368;4.838.448;222.500;1.788.950.781;4.487.125;<LOD;0.0000;3.667.273;244.971;;;1.090.030;519.348;254.084;34.998;233.143;37.473;777.701;276.212;712.767.344;1.261.256;1.264.075;184.520;425.516;77.574;<LOD;0.0000;19.038.231;495.833;1.030.660;155.099;39.945.220;357.760;454.130;34.048;<LOD;0.0000;<LOD;699.478;48.271.851;2.928.860;<LOD;182.349;3.405.024;1.200.672;800.019;250.713;<LOD;263.222;8.316.822;224.237;517.236;76.950
3076;Mining;19.54;19.23;;;;Thu Feb 29, 2024 - 10:23:22;User;1.5;ppm;;;;;MM34;Mining;1.725.296;1.515.985;128.193.154;803.403;<LOD;513.695;;;8.571.629.375;13.470.972;2.566.377;216.280;;;<LOD;222.648;<LOD;1.625.166;<LOD;917.007;4.143.633;158.843;805.972.656;2.886.355;<LOD;0.0000;1.588.626;142.287;;;772.142;375.321;84.535;23.135;254.013;23.226;422.326;145.004;388.029.414;731.604;<LOD;246.846;147.764;42.040;<LOD;0.0000;6.026.029;4.897.913;354.572;88.747;11.091.896;200.697;237.019;19.188;<LOD;0.0000;<LOD;400.354;67.218.428;3.125.600;<LOD;82.767;1.698.513;1.118.633;<LOD;257.664;<LOD;144.721;6.695.435;156.609;1.148.936;48.375
3077;Mining;20.03;19.36;;;;Thu Feb 29, 2024 - 10:24:27;User;1.5;ppm;;;;;MM34;Mining;2.640.063;2.321.544;93.440.459;1.218.490;<LOD;837.695;;;8.003.981.250;21.620.552;3.930.375;333.654;;;<LOD;277.496;<LOD;2.002.174;836.147;621.907;3.638.172;176.619;888.870.469;3.473.476;<LOD;0.0000;1.333.222;189.541;;;1.344.801;469.852;101.986;30.147;1.295.749;36.148;514.173;179.447;900.306.875;1.299.140;<LOD;248.847;<LOD;103.962;<LOD;0.0000;7.912.928;388.323;<LOD;354.841;18.346.592;270.788;<LOD;47.266;<LOD;0.0000;<LOD;662.776;63.328.623;3.408.989;<LOD;126.573;1.504.233;1.244.810;<LOD;328.209;<LOD;257.627;6.447.722;177.402;225.873;76.461
3078;Mining;19.90;19.36;;;;Thu Feb 29, 2024 - 10:25:16;User;1.5;ppm;;;;;MM34;Mining;1.699.574;1.493.548;77.184.429;998.698;<LOD;671.618;;;8.238.241.875;17.086.486;2.955.276;269.206;;;<LOD;250.082;<LOD;1.831.794;757.907;566.332;3.280.950;157.990;921.150.000;3.234.799;<LOD;0.0000;985.406;155.606;;;631.384;409.134;71.628;25.865;967.716;28.752;879.108;169.269;662.083.906;1.010.940;<LOD;215.886;<LOD;88.792;<LOD;0.0000;5.328.395;4.331.356;178.828;114.604;13.460.732;229.979;<LOD;36.595;<LOD;0.0000;<LOD;525.765;61.675.112;3.139.021;<LOD;97.589;2.130.490;1.165.463;<LOD;311.437;<LOD;196.025;5.588.715;155.329;748.971;60.902
3079;Mining;20.27;19.67;;;;Thu Feb 29, 2024 - 10:27:02;User;1.5;ppm;;;;;LMW20;Mining;1.623.414;1.427.790;372.067.852;1.116.743;2.037.542;461.815;;;7.859.253.125;20.463.279;4.963.344;307.904;;;<LOD;430.008;<LOD;2.166.178;<LOD;1.435.172;4.448.685;182.773;1.254.982.344;3.555.521;<LOD;0.0000;1.126.765;193.236;;;1.702.845;451.882;<LOD;64.406;<LOD;42.965;444.358;194.901;395.152.773;878.220;<LOD;215.149;333.038;56.407;<LOD;0.0000;10.264.543;375.148;623.260;119.978;17.754.071;252.981;467.427;24.233;<LOD;0.0000;<LOD;527.928;62.318.540;3.030.954;<LOD;132.058;<LOD;3.231.359;<LOD;327.312;1.293.501;114.632;8.574.136;195.811;568.659;57.672
3080;Mining;19.92;19.35;;;;Thu Feb 29, 2024 - 10:27:37;User;1.5;ppm;;;;;LMW20;Mining;1.231.007;1.082.739;294.276.875;926.507;1.405.114;378.599;;;8.018.792.500;17.164.982;4.507.510;257.251;;;<LOD;214.357;<LOD;1.992.432;<LOD;965.740;3.801.352;160.892;1.296.419.531;3.305.579;<LOD;0.0000;875.712;159.842;;;1.412.476;410.216;67.898;23.186;<LOD;33.575;694.873;187.062;298.003.203;700.904;<LOD;174.312;240.505;44.322;<LOD;0.0000;8.449.089;310.639;470.320;98.760;14.442.039;208.934;352.445;19.256;<LOD;0.0000;<LOD;428.707;46.875.225;2.537.844;<LOD;85.544;<LOD;1.767.327;<LOD;259.508;837.404;90.369;6.306.424;159.991;538.296;45.852
3081;Mining;19.56;18.93;;;;Thu Feb 29, 2024 - 10:28:11;User;1.5;ppm;;;;;LMW20;Mining;1.979.292;1.740.683;390.743.477;1.172.531;2.712.353;493.674;;;7.786.809.375;21.791.907;6.079.334;328.780;;;477.819;183.452;<LOD;2.227.682;<LOD;1.450.039;4.657.204;190.610;1.269.642.422;3.652.039;<LOD;0.0000;1.602.255;207.227;;;1.712.494;463.325;89.011;29.508;<LOD;64.409;835.973;205.916;422.874.102;932.151;<LOD;228.080;248.159;59.382;<LOD;0.0000;11.461.434;396.498;721.757;127.792;19.604.871;269.486;516.455;25.977;<LOD;0.0000;<LOD;565.590;66.491.719;3.165.318;<LOD;129.044;<LOD;3.522.291;<LOD;315.212;1.331.641;121.735;8.775.740;202.526;632.974;61.909
3082;Mining;19.70;19.40;;;;Thu Feb 29, 2024 - 10:30:22;User;1.5;ppm;;;;;MM31;Mining;5.351.779;4.704.006;47.975.664;1.631.458;<LOD;1.156.024;;;7.025.626.250;38.269.692;6.047.403;453.099;;;<LOD;343.029;<LOD;2.841.160;<LOD;1.366.036;3.323.867;208.227;1.530.354.844;4.714.496;<LOD;0.0000;3.535.616;270.986;;;1.352.247;564.008;253.055;40.367;1.721.356;49.811;563.059;265.436;1.263.711.641;1.794.537;<LOD;458.565;<LOD;149.409;<LOD;0.0000;14.667.043;526.469;1.084.074;201.253;38.814.185;394.582;<LOD;63.132;<LOD;0.0000;<LOD;909.233;47.379.888;3.251.604;<LOD;184.900;3.297.860;1.347.099;551.552;249.139;<LOD;371.022;4.388.824;184.961;<LOD;156.186
3083;Mining;20.65;19.97;;;;Thu Feb 29, 2024 - 10:30:58;User;1.5;ppm;;;;;MM31;Mining;5.189.238;4.561.261;27.966.846;1.383.608;<LOD;967.312;;;7.376.916.250;31.899.609;4.726.589;379.074;;;<LOD;310.468;<LOD;2.552.410;<LOD;1.330.572;2.854.737;183.176;1.439.938.438;4.318.344;<LOD;0.0000;3.583.530;236.605;;;1.392.152;521.768;256.856;35.395;1.255.087;40.867;516.530;243.035;1.037.421.953;1.496.984;710.279;179.425;<LOD;170.123;<LOD;0.0000;14.849.152;475.332;1.121.360;170.882;36.680.410;349.232;<LOD;52.629;<LOD;0.0000;<LOD;758.358;38.511.882;2.874.355;<LOD;159.922;1.423.118;1.159.492;<LOD;567.808;<LOD;306.547;4.685.771;174.150;<LOD;194.362
3084;Mining;18.92;18.79;;;;Thu Feb 29, 2024 - 10:31:31;User;1.5;ppm;;;;;MM31;Mining;5.012.066;4.405.657;18.484.363;1.393.923;<LOD;969.366;;;7.478.643.750;31.196.917;4.006.526;377.917;;;<LOD;308.894;<LOD;2.587.673;<LOD;1.499.484;2.741.232;185.052;1.386.100.000;4.409.040;<LOD;0.0000;3.204.537;234.628;;;1.389.833;534.854;221.537;34.397;1.284.478;41.134;<LOD;651.788;1.003.224.766;1.518.352;873.424;181.876;<LOD;121.114;<LOD;0.0000;13.610.183;472.043;973.724;171.251;33.596.929;345.323;<LOD;53.069;<LOD;0.0000;<LOD;760.948;40.782.759;3.022.408;<LOD;153.890;1.724.576;1.215.472;<LOD;599.974;<LOD;307.442;4.125.611;169.972;<LOD;127.728
